26-08-19 16:44:53.913 - INFO:   name: ReviveDiff_SGA2_LS
  use_tb_logger: True
  model: denoising
  distortion: adverse_weather
  gpu_ids: [0]
  sde:[
    max_sigma: 90
    T: 300
    schedule: cosine
    eps: 0.005
  ]
  degradation:[
    sigma: 25
    noise_type: G
    scale: 4
  ]
  datasets:[
    train:[
      name: Train_Dataset
      mode: LQGT
      dataroot_GT: datasets/rain100L/train/target
      dataroot_LQ: datasets/rain100L/train/input
      use_shuffle: True
      n_workers: 4
      batch_size: 4
      GT_size: 256
      LR_size: 256
      use_flip: True
      use_rot: True
      color: RGB
      phase: train
      scale: 1
      data_type: img
    ]
    val:[
      name: Val_Dataset
      mode: LQGT
      dataroot_GT: datasets/rain100L/test/target
      dataroot_LQ: datasets/rain100L/test/input
      phase: val
      scale: 1
      data_type: img
    ]
  ]
  network_G:[
    which_model_G: ConditionalNAFNet
    setting:[
      width: 64
      enc_blk_nums: [1, 1, 1, 28]
      middle_blk_num: 1
      dec_blk_nums: [1, 1, 1, 1]
    ]
  ]
  path:[
    pretrain_model_G: None
    strict_load: True
    resume_state: None
    root: /autodl-fs/data/Revivediff-LSGA2
    experiments_root: /autodl-fs/data/Revivediff-LSGA2/experiments/ReviveDiff/ReviveDiff_SGA2_LS
    models: /autodl-fs/data/Revivediff-LSGA2/experiments/ReviveDiff/ReviveDiff_SGA2_LS/models
    training_state: /autodl-fs/data/Revivediff-LSGA2/experiments/ReviveDiff/ReviveDiff_SGA2_LS/training_state
    log: /autodl-fs/data/Revivediff-LSGA2/experiments/ReviveDiff/ReviveDiff_SGA2_LS
    val_images: /autodl-fs/data/Revivediff-LSGA2/experiments/ReviveDiff/ReviveDiff_SGA2_LS/val_images
  ]
  train:[
    optimizer: Lion
    lr_G: 4e-05
    lr_scheme: TrueCosineAnnealingLR
    beta1: 0.9
    beta2: 0.99
    weight_decay_G: 0
    niter: 25000
    warmup_iter: -1
    lr_steps: [200000, 400000, 600000]
    lr_gamma: 0.5
    eta_min: 1e-07
    is_weighted: False
    loss_type: charbonnier
    weight: 1.0
    sga_weight: 0.5
    adaptive_sigma: True
    sigma_reg_weight: 0.1
    manual_seed: 0
    val_freq: 5000.0
  ]
  logger:[
    print_freq: 100
    save_checkpoint_freq: 5000.0
  ]
  is_train: True
  dist: False

26-08-19 16:44:54.006 - INFO: Dataset [LQGTDataset - Train_Dataset] is created.
26-08-19 16:44:54.006 - INFO: Number of train images: 200, iters: 50
26-08-19 16:44:54.006 - INFO: Total epochs needed: 500 for iters 25,000
26-08-19 16:44:54.010 - INFO: Dataset [LQGTDataset - Val_Dataset] is created.
26-08-19 16:44:54.010 - INFO: Number of val images in [Val_Dataset]: 100
26-08-19 16:44:55.513 - INFO: Network G structure: DataParallel - ConditionalNAFNet, with parameters: 88,346,783
26-08-19 16:44:55.513 - INFO: ConditionalNAFNet(
  (time_mlp): Sequential(
    (0): SinusoidalPosEmb()
    (1): Linear(in_features=64, out_features=512, bias=True)
    (2): SimpleGate()
    (3): Linear(in_features=256, out_features=256, bias=True)
  )
  (intro): Conv2d(6, 64, kernel_size=(3, 3), stride=(1, 1), padding=(1, 1))
  (ending): Conv2d(64, 3, kernel_size=(3, 3), stride=(1, 1), padding=(1, 1))
  (encoders): ModuleList(
    (0): Sequential(
      (0): CFBlock(
        (mlp): Sequential(
          (0): SimpleGate()
          (1): Linear(in_features=128, out_features=256, bias=True)
        )
        (conv1): Conv2d(64, 128, kernel_size=(1, 1), stride=(1, 1))
        (conv2): Conv2d(128, 128, kernel_size=(3, 3), stride=(1, 1), padding=(1, 1), groups=128)
        (conv3): Conv2d(64, 64, kernel_size=(3, 3), stride=(1, 1), padding=(1, 1), groups=64)
        (dconv1): Sequential(
          (0): Conv2d(64, 64, kernel_size=(3, 3), stride=(1, 1), padding=(2, 2), dilation=(2, 2), groups=64)
          (1): GELU(approximate='none')
        )
        (dconv2): Sequential(
          (0): Conv2d(64, 64, kernel_size=(3, 3), stride=(1, 1), padding=(4, 4), dilation=(4, 4), groups=64)
          (1): GELU(approximate='none')
        )
        (dconv3): Sequential(
          (0): Conv2d(64, 64, kernel_size=(3, 3), stride=(1, 1), padding=(8, 8), dilation=(8, 8), groups=64)
          (1): GELU(approximate='none')
        )
        (sca): Sequential(
          (0): AdaptiveAvgPool2d(output_size=1)
          (1): Conv2d(64, 64, kernel_size=(1, 1), stride=(1, 1))
        )
        (sg): SimpleGate()
        (conv4): Conv2d(64, 128, kernel_size=(1, 1), stride=(1, 1))
        (conv5): Conv2d(64, 64, kernel_size=(1, 1), stride=(1, 1))
        (norm1): LayerNorm()
        (norm2): LayerNorm()
        (dropout1): Identity()
        (dropout2): Identity()
        (fusion): Fusion(
          (sa): SpatialAttention(
            (sa): Conv2d(2, 1, kernel_size=(7, 7), stride=(1, 1), padding=(3, 3), padding_mode=reflect)
          )
          (ca): ChannelAttention(
            (gap): AdaptiveAvgPool2d(output_size=1)
            (ca): Sequential(
              (0): Conv2d(64, 8, kernel_size=(1, 1), stride=(1, 1))
              (1): ReLU(inplace=True)
              (2): Conv2d(8, 64, kernel_size=(1, 1), stride=(1, 1))
            )
          )
          (pa): PA(
            (conv): Conv2d(64, 64, kernel_size=(1, 1), stride=(1, 1))
            (sigmoid): Sigmoid()
          )
          (conv): Conv2d(64, 64, kernel_size=(1, 1), stride=(1, 1))
          (sigmoid): Sigmoid()
        )
        (gelu): GELU(approximate='none')
      )
    )
    (1): Sequential(
      (0): CFBlock(
        (mlp): Sequential(
          (0): SimpleGate()
          (1): Linear(in_features=128, out_features=512, bias=True)
        )
        (conv1): Conv2d(128, 256, kernel_size=(1, 1), stride=(1, 1))
        (conv2): Conv2d(256, 256, kernel_size=(3, 3), stride=(1, 1), padding=(1, 1), groups=256)
        (conv3): Conv2d(128, 128, kernel_size=(3, 3), stride=(1, 1), padding=(1, 1), groups=128)
        (dconv1): Sequential(
          (0): Conv2d(128, 128, kernel_size=(3, 3), stride=(1, 1), padding=(2, 2), dilation=(2, 2), groups=128)
          (1): GELU(approximate='none')
        )
        (dconv2): Sequential(
          (0): Conv2d(128, 128, kernel_size=(3, 3), stride=(1, 1), padding=(4, 4), dilation=(4, 4), groups=128)
          (1): GELU(approximate='none')
        )
        (dconv3): Sequential(
          (0): Conv2d(128, 128, kernel_size=(3, 3), stride=(1, 1), padding=(8, 8), dilation=(8, 8), groups=128)
          (1): GELU(approximate='none')
        )
        (sca): Sequential(
          (0): AdaptiveAvgPool2d(output_size=1)
          (1): Conv2d(128, 128, kernel_size=(1, 1), stride=(1, 1))
        )
        (sg): SimpleGate()
        (conv4): Conv2d(128, 256, kernel_size=(1, 1), stride=(1, 1))
        (conv5): Conv2d(128, 128, kernel_size=(1, 1), stride=(1, 1))
        (norm1): LayerNorm()
        (norm2): LayerNorm()
        (dropout1): Identity()
        (dropout2): Identity()
        (fusion): Fusion(
          (sa): SpatialAttention(
            (sa): Conv2d(2, 1, kernel_size=(7, 7), stride=(1, 1), padding=(3, 3), padding_mode=reflect)
          )
          (ca): ChannelAttention(
            (gap): AdaptiveAvgPool2d(output_size=1)
            (ca): Sequential(
              (0): Conv2d(128, 16, kernel_size=(1, 1), stride=(1, 1))
              (1): ReLU(inplace=True)
              (2): Conv2d(16, 128, kernel_size=(1, 1), stride=(1, 1))
            )
          )
          (pa): PA(
            (conv): Conv2d(128, 128, kernel_size=(1, 1), stride=(1, 1))
            (sigmoid): Sigmoid()
          )
          (conv): Conv2d(128, 128, kernel_size=(1, 1), stride=(1, 1))
          (sigmoid): Sigmoid()
        )
        (gelu): GELU(approximate='none')
      )
    )
    (2): Sequential(
      (0): CFBlock(
        (mlp): Sequential(
          (0): SimpleGate()
          (1): Linear(in_features=128, out_features=1024, bias=True)
        )
        (conv1): Conv2d(256, 512, kernel_size=(1, 1), stride=(1, 1))
        (conv2): Conv2d(512, 512, kernel_size=(3, 3), stride=(1, 1), padding=(1, 1), groups=512)
        (conv3): Conv2d(256, 256, kernel_size=(3, 3), stride=(1, 1), padding=(1, 1), groups=256)
        (dconv1): Sequential(
          (0): Conv2d(256, 256, kernel_size=(3, 3), stride=(1, 1), padding=(2, 2), dilation=(2, 2), groups=256)
          (1): GELU(approximate='none')
        )
        (dconv2): Sequential(
          (0): Conv2d(256, 256, kernel_size=(3, 3), stride=(1, 1), padding=(4, 4), dilation=(4, 4), groups=256)
          (1): GELU(approximate='none')
        )
        (dconv3): Sequential(
          (0): Conv2d(256, 256, kernel_size=(3, 3), stride=(1, 1), padding=(8, 8), dilation=(8, 8), groups=256)
          (1): GELU(approximate='none')
        )
        (sca): Sequential(
          (0): AdaptiveAvgPool2d(output_size=1)
          (1): Conv2d(256, 256, kernel_size=(1, 1), stride=(1, 1))
        )
        (sg): SimpleGate()
        (conv4): Conv2d(256, 512, kernel_size=(1, 1), stride=(1, 1))
        (conv5): Conv2d(256, 256, kernel_size=(1, 1), stride=(1, 1))
        (norm1): LayerNorm()
        (norm2): LayerNorm()
        (dropout1): Identity()
        (dropout2): Identity()
        (fusion): Fusion(
          (sa): SpatialAttention(
            (sa): Conv2d(2, 1, kernel_size=(7, 7), stride=(1, 1), padding=(3, 3), padding_mode=reflect)
          )
          (ca): ChannelAttention(
            (gap): AdaptiveAvgPool2d(output_size=1)
            (ca): Sequential(
              (0): Conv2d(256, 32, kernel_size=(1, 1), stride=(1, 1))
              (1): ReLU(inplace=True)
              (2): Conv2d(32, 256, kernel_size=(1, 1), stride=(1, 1))
            )
          )
          (pa): PA(
            (conv): Conv2d(256, 256, kernel_size=(1, 1), stride=(1, 1))
            (sigmoid): Sigmoid()
          )
          (conv): Conv2d(256, 256, kernel_size=(1, 1), stride=(1, 1))
          (sigmoid): Sigmoid()
        )
        (gelu): GELU(approximate='none')
      )
    )
    (3): Sequential(
      (0): CFBlock(
        (mlp): Sequential(
          (0): SimpleGate()
          (1): Linear(in_features=128, out_features=2048, bias=True)
        )
        (conv1): Conv2d(512, 1024, kernel_size=(1, 1), stride=(1, 1))
        (conv2): Conv2d(1024, 1024, kernel_size=(3, 3), stride=(1, 1), padding=(1, 1), groups=1024)
        (conv3): Conv2d(512, 512, kernel_size=(3, 3), stride=(1, 1), padding=(1, 1), groups=512)
        (dconv1): Sequential(
          (0): Conv2d(512, 512, kernel_size=(3, 3), stride=(1, 1), padding=(2, 2), dilation=(2, 2), groups=512)
          (1): GELU(approximate='none')
        )
        (dconv2): Sequential(
          (0): Conv2d(512, 512, kernel_size=(3, 3), stride=(1, 1), padding=(4, 4), dilation=(4, 4), groups=512)
          (1): GELU(approximate='none')
        )
        (dconv3): Sequential(
          (0): Conv2d(512, 512, kernel_size=(3, 3), stride=(1, 1), padding=(8, 8), dilation=(8, 8), groups=512)
          (1): GELU(approximate='none')
        )
        (sca): Sequential(
          (0): AdaptiveAvgPool2d(output_size=1)
          (1): Conv2d(512, 512, kernel_size=(1, 1), stride=(1, 1))
        )
        (sg): SimpleGate()
        (conv4): Conv2d(512, 1024, kernel_size=(1, 1), stride=(1, 1))
        (conv5): Conv2d(512, 512, kernel_size=(1, 1), stride=(1, 1))
        (norm1): LayerNorm()
        (norm2): LayerNorm()
        (dropout1): Identity()
        (dropout2): Identity()
        (fusion): Fusion(
          (sa): SpatialAttention(
            (sa): Conv2d(2, 1, kernel_size=(7, 7), stride=(1, 1), padding=(3, 3), padding_mode=reflect)
          )
          (ca): ChannelAttention(
            (gap): AdaptiveAvgPool2d(output_size=1)
            (ca): Sequential(
              (0): Conv2d(512, 64, kernel_size=(1, 1), stride=(1, 1))
              (1): ReLU(inplace=True)
              (2): Conv2d(64, 512, kernel_size=(1, 1), stride=(1, 1))
            )
          )
          (pa): PA(
            (conv): Conv2d(512, 512, kernel_size=(1, 1), stride=(1, 1))
            (sigmoid): Sigmoid()
          )
          (conv): Conv2d(512, 512, kernel_size=(1, 1), stride=(1, 1))
          (sigmoid): Sigmoid()
        )
        (gelu): GELU(approximate='none')
      )
      (1): CFBlock(
        (mlp): Sequential(
          (0): SimpleGate()
          (1): Linear(in_features=128, out_features=2048, bias=True)
        )
        (conv1): Conv2d(512, 1024, kernel_size=(1, 1), stride=(1, 1))
        (conv2): Conv2d(1024, 1024, kernel_size=(3, 3), stride=(1, 1), padding=(1, 1), groups=1024)
        (conv3): Conv2d(512, 512, kernel_size=(3, 3), stride=(1, 1), padding=(1, 1), groups=512)
        (dconv1): Sequential(
          (0): Conv2d(512, 512, kernel_size=(3, 3), stride=(1, 1), padding=(2, 2), dilation=(2, 2), groups=512)
          (1): GELU(approximate='none')
        )
        (dconv2): Sequential(
          (0): Conv2d(512, 512, kernel_size=(3, 3), stride=(1, 1), padding=(4, 4), dilation=(4, 4), groups=512)
          (1): GELU(approximate='none')
        )
        (dconv3): Sequential(
          (0): Conv2d(512, 512, kernel_size=(3, 3), stride=(1, 1), padding=(8, 8), dilation=(8, 8), groups=512)
          (1): GELU(approximate='none')
        )
        (sca): Sequential(
          (0): AdaptiveAvgPool2d(output_size=1)
          (1): Conv2d(512, 512, kernel_size=(1, 1), stride=(1, 1))
        )
        (sg): SimpleGate()
        (conv4): Conv2d(512, 1024, kernel_size=(1, 1), stride=(1, 1))
        (conv5): Conv2d(512, 512, kernel_size=(1, 1), stride=(1, 1))
        (norm1): LayerNorm()
        (norm2): LayerNorm()
        (dropout1): Identity()
        (dropout2): Identity()
        (fusion): Fusion(
          (sa): SpatialAttention(
            (sa): Conv2d(2, 1, kernel_size=(7, 7), stride=(1, 1), padding=(3, 3), padding_mode=reflect)
          )
          (ca): ChannelAttention(
            (gap): AdaptiveAvgPool2d(output_size=1)
            (ca): Sequential(
              (0): Conv2d(512, 64, kernel_size=(1, 1), stride=(1, 1))
              (1): ReLU(inplace=True)
              (2): Conv2d(64, 512, kernel_size=(1, 1), stride=(1, 1))
            )
          )
          (pa): PA(
            (conv): Conv2d(512, 512, kernel_size=(1, 1), stride=(1, 1))
            (sigmoid): Sigmoid()
          )
          (conv): Conv2d(512, 512, kernel_size=(1, 1), stride=(1, 1))
          (sigmoid): Sigmoid()
        )
        (gelu): GELU(approximate='none')
      )
      (2): CFBlock(
        (mlp): Sequential(
          (0): SimpleGate()
          (1): Linear(in_features=128, out_features=2048, bias=True)
        )
        (conv1): Conv2d(512, 1024, kernel_size=(1, 1), stride=(1, 1))
        (conv2): Conv2d(1024, 1024, kernel_size=(3, 3), stride=(1, 1), padding=(1, 1), groups=1024)
        (conv3): Conv2d(512, 512, kernel_size=(3, 3), stride=(1, 1), padding=(1, 1), groups=512)
        (dconv1): Sequential(
          (0): Conv2d(512, 512, kernel_size=(3, 3), stride=(1, 1), padding=(2, 2), dilation=(2, 2), groups=512)
          (1): GELU(approximate='none')
        )
        (dconv2): Sequential(
          (0): Conv2d(512, 512, kernel_size=(3, 3), stride=(1, 1), padding=(4, 4), dilation=(4, 4), groups=512)
          (1): GELU(approximate='none')
        )
        (dconv3): Sequential(
          (0): Conv2d(512, 512, kernel_size=(3, 3), stride=(1, 1), padding=(8, 8), dilation=(8, 8), groups=512)
          (1): GELU(approximate='none')
        )
        (sca): Sequential(
          (0): AdaptiveAvgPool2d(output_size=1)
          (1): Conv2d(512, 512, kernel_size=(1, 1), stride=(1, 1))
        )
        (sg): SimpleGate()
        (conv4): Conv2d(512, 1024, kernel_size=(1, 1), stride=(1, 1))
        (conv5): Conv2d(512, 512, kernel_size=(1, 1), stride=(1, 1))
        (norm1): LayerNorm()
        (norm2): LayerNorm()
        (dropout1): Identity()
        (dropout2): Identity()
        (fusion): Fusion(
          (sa): SpatialAttention(
            (sa): Conv2d(2, 1, kernel_size=(7, 7), stride=(1, 1), padding=(3, 3), padding_mode=reflect)
          )
          (ca): ChannelAttention(
            (gap): AdaptiveAvgPool2d(output_size=1)
            (ca): Sequential(
              (0): Conv2d(512, 64, kernel_size=(1, 1), stride=(1, 1))
              (1): ReLU(inplace=True)
              (2): Conv2d(64, 512, kernel_size=(1, 1), stride=(1, 1))
            )
          )
          (pa): PA(
            (conv): Conv2d(512, 512, kernel_size=(1, 1), stride=(1, 1))
            (sigmoid): Sigmoid()
          )
          (conv): Conv2d(512, 512, kernel_size=(1, 1), stride=(1, 1))
          (sigmoid): Sigmoid()
        )
        (gelu): GELU(approximate='none')
      )
      (3): CFBlock(
        (mlp): Sequential(
          (0): SimpleGate()
          (1): Linear(in_features=128, out_features=2048, bias=True)
        )
        (conv1): Conv2d(512, 1024, kernel_size=(1, 1), stride=(1, 1))
        (conv2): Conv2d(1024, 1024, kernel_size=(3, 3), stride=(1, 1), padding=(1, 1), groups=1024)
        (conv3): Conv2d(512, 512, kernel_size=(3, 3), stride=(1, 1), padding=(1, 1), groups=512)
        (dconv1): Sequential(
          (0): Conv2d(512, 512, kernel_size=(3, 3), stride=(1, 1), padding=(2, 2), dilation=(2, 2), groups=512)
          (1): GELU(approximate='none')
        )
        (dconv2): Sequential(
          (0): Conv2d(512, 512, kernel_size=(3, 3), stride=(1, 1), padding=(4, 4), dilation=(4, 4), groups=512)
          (1): GELU(approximate='none')
        )
        (dconv3): Sequential(
          (0): Conv2d(512, 512, kernel_size=(3, 3), stride=(1, 1), padding=(8, 8), dilation=(8, 8), groups=512)
          (1): GELU(approximate='none')
        )
        (sca): Sequential(
          (0): AdaptiveAvgPool2d(output_size=1)
          (1): Conv2d(512, 512, kernel_size=(1, 1), stride=(1, 1))
        )
        (sg): SimpleGate()
        (conv4): Conv2d(512, 1024, kernel_size=(1, 1), stride=(1, 1))
        (conv5): Conv2d(512, 512, kernel_size=(1, 1), stride=(1, 1))
        (norm1): LayerNorm()
        (norm2): LayerNorm()
        (dropout1): Identity()
        (dropout2): Identity()
        (fusion): Fusion(
          (sa): SpatialAttention(
            (sa): Conv2d(2, 1, kernel_size=(7, 7), stride=(1, 1), padding=(3, 3), padding_mode=reflect)
          )
          (ca): ChannelAttention(
            (gap): AdaptiveAvgPool2d(output_size=1)
            (ca): Sequential(
              (0): Conv2d(512, 64, kernel_size=(1, 1), stride=(1, 1))
              (1): ReLU(inplace=True)
              (2): Conv2d(64, 512, kernel_size=(1, 1), stride=(1, 1))
            )
          )
          (pa): PA(
            (conv): Conv2d(512, 512, kernel_size=(1, 1), stride=(1, 1))
            (sigmoid): Sigmoid()
          )
          (conv): Conv2d(512, 512, kernel_size=(1, 1), stride=(1, 1))
          (sigmoid): Sigmoid()
        )
        (gelu): GELU(approximate='none')
      )
      (4): CFBlock(
        (mlp): Sequential(
          (0): SimpleGate()
          (1): Linear(in_features=128, out_features=2048, bias=True)
        )
        (conv1): Conv2d(512, 1024, kernel_size=(1, 1), stride=(1, 1))
        (conv2): Conv2d(1024, 1024, kernel_size=(3, 3), stride=(1, 1), padding=(1, 1), groups=1024)
        (conv3): Conv2d(512, 512, kernel_size=(3, 3), stride=(1, 1), padding=(1, 1), groups=512)
        (dconv1): Sequential(
          (0): Conv2d(512, 512, kernel_size=(3, 3), stride=(1, 1), padding=(2, 2), dilation=(2, 2), groups=512)
          (1): GELU(approximate='none')
        )
        (dconv2): Sequential(
          (0): Conv2d(512, 512, kernel_size=(3, 3), stride=(1, 1), padding=(4, 4), dilation=(4, 4), groups=512)
          (1): GELU(approximate='none')
        )
        (dconv3): Sequential(
          (0): Conv2d(512, 512, kernel_size=(3, 3), stride=(1, 1), padding=(8, 8), dilation=(8, 8), groups=512)
          (1): GELU(approximate='none')
        )
        (sca): Sequential(
          (0): AdaptiveAvgPool2d(output_size=1)
          (1): Conv2d(512, 512, kernel_size=(1, 1), stride=(1, 1))
        )
        (sg): SimpleGate()
        (conv4): Conv2d(512, 1024, kernel_size=(1, 1), stride=(1, 1))
        (conv5): Conv2d(512, 512, kernel_size=(1, 1), stride=(1, 1))
        (norm1): LayerNorm()
        (norm2): LayerNorm()
        (dropout1): Identity()
        (dropout2): Identity()
        (fusion): Fusion(
          (sa): SpatialAttention(
            (sa): Conv2d(2, 1, kernel_size=(7, 7), stride=(1, 1), padding=(3, 3), padding_mode=reflect)
          )
          (ca): ChannelAttention(
            (gap): AdaptiveAvgPool2d(output_size=1)
            (ca): Sequential(
              (0): Conv2d(512, 64, kernel_size=(1, 1), stride=(1, 1))
              (1): ReLU(inplace=True)
              (2): Conv2d(64, 512, kernel_size=(1, 1), stride=(1, 1))
            )
          )
          (pa): PA(
            (conv): Conv2d(512, 512, kernel_size=(1, 1), stride=(1, 1))
            (sigmoid): Sigmoid()
          )
          (conv): Conv2d(512, 512, kernel_size=(1, 1), stride=(1, 1))
          (sigmoid): Sigmoid()
        )
        (gelu): GELU(approximate='none')
      )
      (5): CFBlock(
        (mlp): Sequential(
          (0): SimpleGate()
          (1): Linear(in_features=128, out_features=2048, bias=True)
        )
        (conv1): Conv2d(512, 1024, kernel_size=(1, 1), stride=(1, 1))
        (conv2): Conv2d(1024, 1024, kernel_size=(3, 3), stride=(1, 1), padding=(1, 1), groups=1024)
        (conv3): Conv2d(512, 512, kernel_size=(3, 3), stride=(1, 1), padding=(1, 1), groups=512)
        (dconv1): Sequential(
          (0): Conv2d(512, 512, kernel_size=(3, 3), stride=(1, 1), padding=(2, 2), dilation=(2, 2), groups=512)
          (1): GELU(approximate='none')
        )
        (dconv2): Sequential(
          (0): Conv2d(512, 512, kernel_size=(3, 3), stride=(1, 1), padding=(4, 4), dilation=(4, 4), groups=512)
          (1): GELU(approximate='none')
        )
        (dconv3): Sequential(
          (0): Conv2d(512, 512, kernel_size=(3, 3), stride=(1, 1), padding=(8, 8), dilation=(8, 8), groups=512)
          (1): GELU(approximate='none')
        )
        (sca): Sequential(
          (0): AdaptiveAvgPool2d(output_size=1)
          (1): Conv2d(512, 512, kernel_size=(1, 1), stride=(1, 1))
        )
        (sg): SimpleGate()
        (conv4): Conv2d(512, 1024, kernel_size=(1, 1), stride=(1, 1))
        (conv5): Conv2d(512, 512, kernel_size=(1, 1), stride=(1, 1))
        (norm1): LayerNorm()
        (norm2): LayerNorm()
        (dropout1): Identity()
        (dropout2): Identity()
        (fusion): Fusion(
          (sa): SpatialAttention(
            (sa): Conv2d(2, 1, kernel_size=(7, 7), stride=(1, 1), padding=(3, 3), padding_mode=reflect)
          )
          (ca): ChannelAttention(
            (gap): AdaptiveAvgPool2d(output_size=1)
            (ca): Sequential(
              (0): Conv2d(512, 64, kernel_size=(1, 1), stride=(1, 1))
              (1): ReLU(inplace=True)
              (2): Conv2d(64, 512, kernel_size=(1, 1), stride=(1, 1))
            )
          )
          (pa): PA(
            (conv): Conv2d(512, 512, kernel_size=(1, 1), stride=(1, 1))
            (sigmoid): Sigmoid()
          )
          (conv): Conv2d(512, 512, kernel_size=(1, 1), stride=(1, 1))
          (sigmoid): Sigmoid()
        )
        (gelu): GELU(approximate='none')
      )
      (6): CFBlock(
        (mlp): Sequential(
          (0): SimpleGate()
          (1): Linear(in_features=128, out_features=2048, bias=True)
        )
        (conv1): Conv2d(512, 1024, kernel_size=(1, 1), stride=(1, 1))
        (conv2): Conv2d(1024, 1024, kernel_size=(3, 3), stride=(1, 1), padding=(1, 1), groups=1024)
        (conv3): Conv2d(512, 512, kernel_size=(3, 3), stride=(1, 1), padding=(1, 1), groups=512)
        (dconv1): Sequential(
          (0): Conv2d(512, 512, kernel_size=(3, 3), stride=(1, 1), padding=(2, 2), dilation=(2, 2), groups=512)
          (1): GELU(approximate='none')
        )
        (dconv2): Sequential(
          (0): Conv2d(512, 512, kernel_size=(3, 3), stride=(1, 1), padding=(4, 4), dilation=(4, 4), groups=512)
          (1): GELU(approximate='none')
        )
        (dconv3): Sequential(
          (0): Conv2d(512, 512, kernel_size=(3, 3), stride=(1, 1), padding=(8, 8), dilation=(8, 8), groups=512)
          (1): GELU(approximate='none')
        )
        (sca): Sequential(
          (0): AdaptiveAvgPool2d(output_size=1)
          (1): Conv2d(512, 512, kernel_size=(1, 1), stride=(1, 1))
        )
        (sg): SimpleGate()
        (conv4): Conv2d(512, 1024, kernel_size=(1, 1), stride=(1, 1))
        (conv5): Conv2d(512, 512, kernel_size=(1, 1), stride=(1, 1))
        (norm1): LayerNorm()
        (norm2): LayerNorm()
        (dropout1): Identity()
        (dropout2): Identity()
        (fusion): Fusion(
          (sa): SpatialAttention(
            (sa): Conv2d(2, 1, kernel_size=(7, 7), stride=(1, 1), padding=(3, 3), padding_mode=reflect)
          )
          (ca): ChannelAttention(
            (gap): AdaptiveAvgPool2d(output_size=1)
            (ca): Sequential(
              (0): Conv2d(512, 64, kernel_size=(1, 1), stride=(1, 1))
              (1): ReLU(inplace=True)
              (2): Conv2d(64, 512, kernel_size=(1, 1), stride=(1, 1))
            )
          )
          (pa): PA(
            (conv): Conv2d(512, 512, kernel_size=(1, 1), stride=(1, 1))
            (sigmoid): Sigmoid()
          )
          (conv): Conv2d(512, 512, kernel_size=(1, 1), stride=(1, 1))
          (sigmoid): Sigmoid()
        )
        (gelu): GELU(approximate='none')
      )
      (7): CFBlock(
        (mlp): Sequential(
          (0): SimpleGate()
          (1): Linear(in_features=128, out_features=2048, bias=True)
        )
        (conv1): Conv2d(512, 1024, kernel_size=(1, 1), stride=(1, 1))
        (conv2): Conv2d(1024, 1024, kernel_size=(3, 3), stride=(1, 1), padding=(1, 1), groups=1024)
        (conv3): Conv2d(512, 512, kernel_size=(3, 3), stride=(1, 1), padding=(1, 1), groups=512)
        (dconv1): Sequential(
          (0): Conv2d(512, 512, kernel_size=(3, 3), stride=(1, 1), padding=(2, 2), dilation=(2, 2), groups=512)
          (1): GELU(approximate='none')
        )
        (dconv2): Sequential(
          (0): Conv2d(512, 512, kernel_size=(3, 3), stride=(1, 1), padding=(4, 4), dilation=(4, 4), groups=512)
          (1): GELU(approximate='none')
        )
        (dconv3): Sequential(
          (0): Conv2d(512, 512, kernel_size=(3, 3), stride=(1, 1), padding=(8, 8), dilation=(8, 8), groups=512)
          (1): GELU(approximate='none')
        )
        (sca): Sequential(
          (0): AdaptiveAvgPool2d(output_size=1)
          (1): Conv2d(512, 512, kernel_size=(1, 1), stride=(1, 1))
        )
        (sg): SimpleGate()
        (conv4): Conv2d(512, 1024, kernel_size=(1, 1), stride=(1, 1))
        (conv5): Conv2d(512, 512, kernel_size=(1, 1), stride=(1, 1))
        (norm1): LayerNorm()
        (norm2): LayerNorm()
        (dropout1): Identity()
        (dropout2): Identity()
        (fusion): Fusion(
          (sa): SpatialAttention(
            (sa): Conv2d(2, 1, kernel_size=(7, 7), stride=(1, 1), padding=(3, 3), padding_mode=reflect)
          )
          (ca): ChannelAttention(
            (gap): AdaptiveAvgPool2d(output_size=1)
            (ca): Sequential(
              (0): Conv2d(512, 64, kernel_size=(1, 1), stride=(1, 1))
              (1): ReLU(inplace=True)
              (2): Conv2d(64, 512, kernel_size=(1, 1), stride=(1, 1))
            )
          )
          (pa): PA(
            (conv): Conv2d(512, 512, kernel_size=(1, 1), stride=(1, 1))
            (sigmoid): Sigmoid()
          )
          (conv): Conv2d(512, 512, kernel_size=(1, 1), stride=(1, 1))
          (sigmoid): Sigmoid()
        )
        (gelu): GELU(approximate='none')
      )
      (8): CFBlock(
        (mlp): Sequential(
          (0): SimpleGate()
          (1): Linear(in_features=128, out_features=2048, bias=True)
        )
        (conv1): Conv2d(512, 1024, kernel_size=(1, 1), stride=(1, 1))
        (conv2): Conv2d(1024, 1024, kernel_size=(3, 3), stride=(1, 1), padding=(1, 1), groups=1024)
        (conv3): Conv2d(512, 512, kernel_size=(3, 3), stride=(1, 1), padding=(1, 1), groups=512)
        (dconv1): Sequential(
          (0): Conv2d(512, 512, kernel_size=(3, 3), stride=(1, 1), padding=(2, 2), dilation=(2, 2), groups=512)
          (1): GELU(approximate='none')
        )
        (dconv2): Sequential(
          (0): Conv2d(512, 512, kernel_size=(3, 3), stride=(1, 1), padding=(4, 4), dilation=(4, 4), groups=512)
          (1): GELU(approximate='none')
        )
        (dconv3): Sequential(
          (0): Conv2d(512, 512, kernel_size=(3, 3), stride=(1, 1), padding=(8, 8), dilation=(8, 8), groups=512)
          (1): GELU(approximate='none')
        )
        (sca): Sequential(
          (0): AdaptiveAvgPool2d(output_size=1)
          (1): Conv2d(512, 512, kernel_size=(1, 1), stride=(1, 1))
        )
        (sg): SimpleGate()
        (conv4): Conv2d(512, 1024, kernel_size=(1, 1), stride=(1, 1))
        (conv5): Conv2d(512, 512, kernel_size=(1, 1), stride=(1, 1))
        (norm1): LayerNorm()
        (norm2): LayerNorm()
        (dropout1): Identity()
        (dropout2): Identity()
        (fusion): Fusion(
          (sa): SpatialAttention(
            (sa): Conv2d(2, 1, kernel_size=(7, 7), stride=(1, 1), padding=(3, 3), padding_mode=reflect)
          )
          (ca): ChannelAttention(
            (gap): AdaptiveAvgPool2d(output_size=1)
            (ca): Sequential(
              (0): Conv2d(512, 64, kernel_size=(1, 1), stride=(1, 1))
              (1): ReLU(inplace=True)
              (2): Conv2d(64, 512, kernel_size=(1, 1), stride=(1, 1))
            )
          )
          (pa): PA(
            (conv): Conv2d(512, 512, kernel_size=(1, 1), stride=(1, 1))
            (sigmoid): Sigmoid()
          )
          (conv): Conv2d(512, 512, kernel_size=(1, 1), stride=(1, 1))
          (sigmoid): Sigmoid()
        )
        (gelu): GELU(approximate='none')
      )
      (9): CFBlock(
        (mlp): Sequential(
          (0): SimpleGate()
          (1): Linear(in_features=128, out_features=2048, bias=True)
        )
        (conv1): Conv2d(512, 1024, kernel_size=(1, 1), stride=(1, 1))
        (conv2): Conv2d(1024, 1024, kernel_size=(3, 3), stride=(1, 1), padding=(1, 1), groups=1024)
        (conv3): Conv2d(512, 512, kernel_size=(3, 3), stride=(1, 1), padding=(1, 1), groups=512)
        (dconv1): Sequential(
          (0): Conv2d(512, 512, kernel_size=(3, 3), stride=(1, 1), padding=(2, 2), dilation=(2, 2), groups=512)
          (1): GELU(approximate='none')
        )
        (dconv2): Sequential(
          (0): Conv2d(512, 512, kernel_size=(3, 3), stride=(1, 1), padding=(4, 4), dilation=(4, 4), groups=512)
          (1): GELU(approximate='none')
        )
        (dconv3): Sequential(
          (0): Conv2d(512, 512, kernel_size=(3, 3), stride=(1, 1), padding=(8, 8), dilation=(8, 8), groups=512)
          (1): GELU(approximate='none')
        )
        (sca): Sequential(
          (0): AdaptiveAvgPool2d(output_size=1)
          (1): Conv2d(512, 512, kernel_size=(1, 1), stride=(1, 1))
        )
        (sg): SimpleGate()
        (conv4): Conv2d(512, 1024, kernel_size=(1, 1), stride=(1, 1))
        (conv5): Conv2d(512, 512, kernel_size=(1, 1), stride=(1, 1))
        (norm1): LayerNorm()
        (norm2): LayerNorm()
        (dropout1): Identity()
        (dropout2): Identity()
        (fusion): Fusion(
          (sa): SpatialAttention(
            (sa): Conv2d(2, 1, kernel_size=(7, 7), stride=(1, 1), padding=(3, 3), padding_mode=reflect)
          )
          (ca): ChannelAttention(
            (gap): AdaptiveAvgPool2d(output_size=1)
            (ca): Sequential(
              (0): Conv2d(512, 64, kernel_size=(1, 1), stride=(1, 1))
              (1): ReLU(inplace=True)
              (2): Conv2d(64, 512, kernel_size=(1, 1), stride=(1, 1))
            )
          )
          (pa): PA(
            (conv): Conv2d(512, 512, kernel_size=(1, 1), stride=(1, 1))
            (sigmoid): Sigmoid()
          )
          (conv): Conv2d(512, 512, kernel_size=(1, 1), stride=(1, 1))
          (sigmoid): Sigmoid()
        )
        (gelu): GELU(approximate='none')
      )
      (10): CFBlock(
        (mlp): Sequential(
          (0): SimpleGate()
          (1): Linear(in_features=128, out_features=2048, bias=True)
        )
        (conv1): Conv2d(512, 1024, kernel_size=(1, 1), stride=(1, 1))
        (conv2): Conv2d(1024, 1024, kernel_size=(3, 3), stride=(1, 1), padding=(1, 1), groups=1024)
        (conv3): Conv2d(512, 512, kernel_size=(3, 3), stride=(1, 1), padding=(1, 1), groups=512)
        (dconv1): Sequential(
          (0): Conv2d(512, 512, kernel_size=(3, 3), stride=(1, 1), padding=(2, 2), dilation=(2, 2), groups=512)
          (1): GELU(approximate='none')
        )
        (dconv2): Sequential(
          (0): Conv2d(512, 512, kernel_size=(3, 3), stride=(1, 1), padding=(4, 4), dilation=(4, 4), groups=512)
          (1): GELU(approximate='none')
        )
        (dconv3): Sequential(
          (0): Conv2d(512, 512, kernel_size=(3, 3), stride=(1, 1), padding=(8, 8), dilation=(8, 8), groups=512)
          (1): GELU(approximate='none')
        )
        (sca): Sequential(
          (0): AdaptiveAvgPool2d(output_size=1)
          (1): Conv2d(512, 512, kernel_size=(1, 1), stride=(1, 1))
        )
        (sg): SimpleGate()
        (conv4): Conv2d(512, 1024, kernel_size=(1, 1), stride=(1, 1))
        (conv5): Conv2d(512, 512, kernel_size=(1, 1), stride=(1, 1))
        (norm1): LayerNorm()
        (norm2): LayerNorm()
        (dropout1): Identity()
        (dropout2): Identity()
        (fusion): Fusion(
          (sa): SpatialAttention(
            (sa): Conv2d(2, 1, kernel_size=(7, 7), stride=(1, 1), padding=(3, 3), padding_mode=reflect)
          )
          (ca): ChannelAttention(
            (gap): AdaptiveAvgPool2d(output_size=1)
            (ca): Sequential(
              (0): Conv2d(512, 64, kernel_size=(1, 1), stride=(1, 1))
              (1): ReLU(inplace=True)
              (2): Conv2d(64, 512, kernel_size=(1, 1), stride=(1, 1))
            )
          )
          (pa): PA(
            (conv): Conv2d(512, 512, kernel_size=(1, 1), stride=(1, 1))
            (sigmoid): Sigmoid()
          )
          (conv): Conv2d(512, 512, kernel_size=(1, 1), stride=(1, 1))
          (sigmoid): Sigmoid()
        )
        (gelu): GELU(approximate='none')
      )
      (11): CFBlock(
        (mlp): Sequential(
          (0): SimpleGate()
          (1): Linear(in_features=128, out_features=2048, bias=True)
        )
        (conv1): Conv2d(512, 1024, kernel_size=(1, 1), stride=(1, 1))
        (conv2): Conv2d(1024, 1024, kernel_size=(3, 3), stride=(1, 1), padding=(1, 1), groups=1024)
        (conv3): Conv2d(512, 512, kernel_size=(3, 3), stride=(1, 1), padding=(1, 1), groups=512)
        (dconv1): Sequential(
          (0): Conv2d(512, 512, kernel_size=(3, 3), stride=(1, 1), padding=(2, 2), dilation=(2, 2), groups=512)
          (1): GELU(approximate='none')
        )
        (dconv2): Sequential(
          (0): Conv2d(512, 512, kernel_size=(3, 3), stride=(1, 1), padding=(4, 4), dilation=(4, 4), groups=512)
          (1): GELU(approximate='none')
        )
        (dconv3): Sequential(
          (0): Conv2d(512, 512, kernel_size=(3, 3), stride=(1, 1), padding=(8, 8), dilation=(8, 8), groups=512)
          (1): GELU(approximate='none')
        )
        (sca): Sequential(
          (0): AdaptiveAvgPool2d(output_size=1)
          (1): Conv2d(512, 512, kernel_size=(1, 1), stride=(1, 1))
        )
        (sg): SimpleGate()
        (conv4): Conv2d(512, 1024, kernel_size=(1, 1), stride=(1, 1))
        (conv5): Conv2d(512, 512, kernel_size=(1, 1), stride=(1, 1))
        (norm1): LayerNorm()
        (norm2): LayerNorm()
        (dropout1): Identity()
        (dropout2): Identity()
        (fusion): Fusion(
          (sa): SpatialAttention(
            (sa): Conv2d(2, 1, kernel_size=(7, 7), stride=(1, 1), padding=(3, 3), padding_mode=reflect)
          )
          (ca): ChannelAttention(
            (gap): AdaptiveAvgPool2d(output_size=1)
            (ca): Sequential(
              (0): Conv2d(512, 64, kernel_size=(1, 1), stride=(1, 1))
              (1): ReLU(inplace=True)
              (2): Conv2d(64, 512, kernel_size=(1, 1), stride=(1, 1))
            )
          )
          (pa): PA(
            (conv): Conv2d(512, 512, kernel_size=(1, 1), stride=(1, 1))
            (sigmoid): Sigmoid()
          )
          (conv): Conv2d(512, 512, kernel_size=(1, 1), stride=(1, 1))
          (sigmoid): Sigmoid()
        )
        (gelu): GELU(approximate='none')
      )
      (12): CFBlock(
        (mlp): Sequential(
          (0): SimpleGate()
          (1): Linear(in_features=128, out_features=2048, bias=True)
        )
        (conv1): Conv2d(512, 1024, kernel_size=(1, 1), stride=(1, 1))
        (conv2): Conv2d(1024, 1024, kernel_size=(3, 3), stride=(1, 1), padding=(1, 1), groups=1024)
        (conv3): Conv2d(512, 512, kernel_size=(3, 3), stride=(1, 1), padding=(1, 1), groups=512)
        (dconv1): Sequential(
          (0): Conv2d(512, 512, kernel_size=(3, 3), stride=(1, 1), padding=(2, 2), dilation=(2, 2), groups=512)
          (1): GELU(approximate='none')
        )
        (dconv2): Sequential(
          (0): Conv2d(512, 512, kernel_size=(3, 3), stride=(1, 1), padding=(4, 4), dilation=(4, 4), groups=512)
          (1): GELU(approximate='none')
        )
        (dconv3): Sequential(
          (0): Conv2d(512, 512, kernel_size=(3, 3), stride=(1, 1), padding=(8, 8), dilation=(8, 8), groups=512)
          (1): GELU(approximate='none')
        )
        (sca): Sequential(
          (0): AdaptiveAvgPool2d(output_size=1)
          (1): Conv2d(512, 512, kernel_size=(1, 1), stride=(1, 1))
        )
        (sg): SimpleGate()
        (conv4): Conv2d(512, 1024, kernel_size=(1, 1), stride=(1, 1))
        (conv5): Conv2d(512, 512, kernel_size=(1, 1), stride=(1, 1))
        (norm1): LayerNorm()
        (norm2): LayerNorm()
        (dropout1): Identity()
        (dropout2): Identity()
        (fusion): Fusion(
          (sa): SpatialAttention(
            (sa): Conv2d(2, 1, kernel_size=(7, 7), stride=(1, 1), padding=(3, 3), padding_mode=reflect)
          )
          (ca): ChannelAttention(
            (gap): AdaptiveAvgPool2d(output_size=1)
            (ca): Sequential(
              (0): Conv2d(512, 64, kernel_size=(1, 1), stride=(1, 1))
              (1): ReLU(inplace=True)
              (2): Conv2d(64, 512, kernel_size=(1, 1), stride=(1, 1))
            )
          )
          (pa): PA(
            (conv): Conv2d(512, 512, kernel_size=(1, 1), stride=(1, 1))
            (sigmoid): Sigmoid()
          )
          (conv): Conv2d(512, 512, kernel_size=(1, 1), stride=(1, 1))
          (sigmoid): Sigmoid()
        )
        (gelu): GELU(approximate='none')
      )
      (13): CFBlock(
        (mlp): Sequential(
          (0): SimpleGate()
          (1): Linear(in_features=128, out_features=2048, bias=True)
        )
        (conv1): Conv2d(512, 1024, kernel_size=(1, 1), stride=(1, 1))
        (conv2): Conv2d(1024, 1024, kernel_size=(3, 3), stride=(1, 1), padding=(1, 1), groups=1024)
        (conv3): Conv2d(512, 512, kernel_size=(3, 3), stride=(1, 1), padding=(1, 1), groups=512)
        (dconv1): Sequential(
          (0): Conv2d(512, 512, kernel_size=(3, 3), stride=(1, 1), padding=(2, 2), dilation=(2, 2), groups=512)
          (1): GELU(approximate='none')
        )
        (dconv2): Sequential(
          (0): Conv2d(512, 512, kernel_size=(3, 3), stride=(1, 1), padding=(4, 4), dilation=(4, 4), groups=512)
          (1): GELU(approximate='none')
        )
        (dconv3): Sequential(
          (0): Conv2d(512, 512, kernel_size=(3, 3), stride=(1, 1), padding=(8, 8), dilation=(8, 8), groups=512)
          (1): GELU(approximate='none')
        )
        (sca): Sequential(
          (0): AdaptiveAvgPool2d(output_size=1)
          (1): Conv2d(512, 512, kernel_size=(1, 1), stride=(1, 1))
        )
        (sg): SimpleGate()
        (conv4): Conv2d(512, 1024, kernel_size=(1, 1), stride=(1, 1))
        (conv5): Conv2d(512, 512, kernel_size=(1, 1), stride=(1, 1))
        (norm1): LayerNorm()
        (norm2): LayerNorm()
        (dropout1): Identity()
        (dropout2): Identity()
        (fusion): Fusion(
          (sa): SpatialAttention(
            (sa): Conv2d(2, 1, kernel_size=(7, 7), stride=(1, 1), padding=(3, 3), padding_mode=reflect)
          )
          (ca): ChannelAttention(
            (gap): AdaptiveAvgPool2d(output_size=1)
            (ca): Sequential(
              (0): Conv2d(512, 64, kernel_size=(1, 1), stride=(1, 1))
              (1): ReLU(inplace=True)
              (2): Conv2d(64, 512, kernel_size=(1, 1), stride=(1, 1))
            )
          )
          (pa): PA(
            (conv): Conv2d(512, 512, kernel_size=(1, 1), stride=(1, 1))
            (sigmoid): Sigmoid()
          )
          (conv): Conv2d(512, 512, kernel_size=(1, 1), stride=(1, 1))
          (sigmoid): Sigmoid()
        )
        (gelu): GELU(approximate='none')
      )
      (14): CFBlock(
        (mlp): Sequential(
          (0): SimpleGate()
          (1): Linear(in_features=128, out_features=2048, bias=True)
        )
        (conv1): Conv2d(512, 1024, kernel_size=(1, 1), stride=(1, 1))
        (conv2): Conv2d(1024, 1024, kernel_size=(3, 3), stride=(1, 1), padding=(1, 1), groups=1024)
        (conv3): Conv2d(512, 512, kernel_size=(3, 3), stride=(1, 1), padding=(1, 1), groups=512)
        (dconv1): Sequential(
          (0): Conv2d(512, 512, kernel_size=(3, 3), stride=(1, 1), padding=(2, 2), dilation=(2, 2), groups=512)
          (1): GELU(approximate='none')
        )
        (dconv2): Sequential(
          (0): Conv2d(512, 512, kernel_size=(3, 3), stride=(1, 1), padding=(4, 4), dilation=(4, 4), groups=512)
          (1): GELU(approximate='none')
        )
        (dconv3): Sequential(
          (0): Conv2d(512, 512, kernel_size=(3, 3), stride=(1, 1), padding=(8, 8), dilation=(8, 8), groups=512)
          (1): GELU(approximate='none')
        )
        (sca): Sequential(
          (0): AdaptiveAvgPool2d(output_size=1)
          (1): Conv2d(512, 512, kernel_size=(1, 1), stride=(1, 1))
        )
        (sg): SimpleGate()
        (conv4): Conv2d(512, 1024, kernel_size=(1, 1), stride=(1, 1))
        (conv5): Conv2d(512, 512, kernel_size=(1, 1), stride=(1, 1))
        (norm1): LayerNorm()
        (norm2): LayerNorm()
        (dropout1): Identity()
        (dropout2): Identity()
        (fusion): Fusion(
          (sa): SpatialAttention(
            (sa): Conv2d(2, 1, kernel_size=(7, 7), stride=(1, 1), padding=(3, 3), padding_mode=reflect)
          )
          (ca): ChannelAttention(
            (gap): AdaptiveAvgPool2d(output_size=1)
            (ca): Sequential(
              (0): Conv2d(512, 64, kernel_size=(1, 1), stride=(1, 1))
              (1): ReLU(inplace=True)
              (2): Conv2d(64, 512, kernel_size=(1, 1), stride=(1, 1))
            )
          )
          (pa): PA(
            (conv): Conv2d(512, 512, kernel_size=(1, 1), stride=(1, 1))
            (sigmoid): Sigmoid()
          )
          (conv): Conv2d(512, 512, kernel_size=(1, 1), stride=(1, 1))
          (sigmoid): Sigmoid()
        )
        (gelu): GELU(approximate='none')
      )
      (15): CFBlock(
        (mlp): Sequential(
          (0): SimpleGate()
          (1): Linear(in_features=128, out_features=2048, bias=True)
        )
        (conv1): Conv2d(512, 1024, kernel_size=(1, 1), stride=(1, 1))
        (conv2): Conv2d(1024, 1024, kernel_size=(3, 3), stride=(1, 1), padding=(1, 1), groups=1024)
        (conv3): Conv2d(512, 512, kernel_size=(3, 3), stride=(1, 1), padding=(1, 1), groups=512)
        (dconv1): Sequential(
          (0): Conv2d(512, 512, kernel_size=(3, 3), stride=(1, 1), padding=(2, 2), dilation=(2, 2), groups=512)
          (1): GELU(approximate='none')
        )
        (dconv2): Sequential(
          (0): Conv2d(512, 512, kernel_size=(3, 3), stride=(1, 1), padding=(4, 4), dilation=(4, 4), groups=512)
          (1): GELU(approximate='none')
        )
        (dconv3): Sequential(
          (0): Conv2d(512, 512, kernel_size=(3, 3), stride=(1, 1), padding=(8, 8), dilation=(8, 8), groups=512)
          (1): GELU(approximate='none')
        )
        (sca): Sequential(
          (0): AdaptiveAvgPool2d(output_size=1)
          (1): Conv2d(512, 512, kernel_size=(1, 1), stride=(1, 1))
        )
        (sg): SimpleGate()
        (conv4): Conv2d(512, 1024, kernel_size=(1, 1), stride=(1, 1))
        (conv5): Conv2d(512, 512, kernel_size=(1, 1), stride=(1, 1))
        (norm1): LayerNorm()
        (norm2): LayerNorm()
        (dropout1): Identity()
        (dropout2): Identity()
        (fusion): Fusion(
          (sa): SpatialAttention(
            (sa): Conv2d(2, 1, kernel_size=(7, 7), stride=(1, 1), padding=(3, 3), padding_mode=reflect)
          )
          (ca): ChannelAttention(
            (gap): AdaptiveAvgPool2d(output_size=1)
            (ca): Sequential(
              (0): Conv2d(512, 64, kernel_size=(1, 1), stride=(1, 1))
              (1): ReLU(inplace=True)
              (2): Conv2d(64, 512, kernel_size=(1, 1), stride=(1, 1))
            )
          )
          (pa): PA(
            (conv): Conv2d(512, 512, kernel_size=(1, 1), stride=(1, 1))
            (sigmoid): Sigmoid()
          )
          (conv): Conv2d(512, 512, kernel_size=(1, 1), stride=(1, 1))
          (sigmoid): Sigmoid()
        )
        (gelu): GELU(approximate='none')
      )
      (16): CFBlock(
        (mlp): Sequential(
          (0): SimpleGate()
          (1): Linear(in_features=128, out_features=2048, bias=True)
        )
        (conv1): Conv2d(512, 1024, kernel_size=(1, 1), stride=(1, 1))
        (conv2): Conv2d(1024, 1024, kernel_size=(3, 3), stride=(1, 1), padding=(1, 1), groups=1024)
        (conv3): Conv2d(512, 512, kernel_size=(3, 3), stride=(1, 1), padding=(1, 1), groups=512)
        (dconv1): Sequential(
          (0): Conv2d(512, 512, kernel_size=(3, 3), stride=(1, 1), padding=(2, 2), dilation=(2, 2), groups=512)
          (1): GELU(approximate='none')
        )
        (dconv2): Sequential(
          (0): Conv2d(512, 512, kernel_size=(3, 3), stride=(1, 1), padding=(4, 4), dilation=(4, 4), groups=512)
          (1): GELU(approximate='none')
        )
        (dconv3): Sequential(
          (0): Conv2d(512, 512, kernel_size=(3, 3), stride=(1, 1), padding=(8, 8), dilation=(8, 8), groups=512)
          (1): GELU(approximate='none')
        )
        (sca): Sequential(
          (0): AdaptiveAvgPool2d(output_size=1)
          (1): Conv2d(512, 512, kernel_size=(1, 1), stride=(1, 1))
        )
        (sg): SimpleGate()
        (conv4): Conv2d(512, 1024, kernel_size=(1, 1), stride=(1, 1))
        (conv5): Conv2d(512, 512, kernel_size=(1, 1), stride=(1, 1))
        (norm1): LayerNorm()
        (norm2): LayerNorm()
        (dropout1): Identity()
        (dropout2): Identity()
        (fusion): Fusion(
          (sa): SpatialAttention(
            (sa): Conv2d(2, 1, kernel_size=(7, 7), stride=(1, 1), padding=(3, 3), padding_mode=reflect)
          )
          (ca): ChannelAttention(
            (gap): AdaptiveAvgPool2d(output_size=1)
            (ca): Sequential(
              (0): Conv2d(512, 64, kernel_size=(1, 1), stride=(1, 1))
              (1): ReLU(inplace=True)
              (2): Conv2d(64, 512, kernel_size=(1, 1), stride=(1, 1))
            )
          )
          (pa): PA(
            (conv): Conv2d(512, 512, kernel_size=(1, 1), stride=(1, 1))
            (sigmoid): Sigmoid()
          )
          (conv): Conv2d(512, 512, kernel_size=(1, 1), stride=(1, 1))
          (sigmoid): Sigmoid()
        )
        (gelu): GELU(approximate='none')
      )
      (17): CFBlock(
        (mlp): Sequential(
          (0): SimpleGate()
          (1): Linear(in_features=128, out_features=2048, bias=True)
        )
        (conv1): Conv2d(512, 1024, kernel_size=(1, 1), stride=(1, 1))
        (conv2): Conv2d(1024, 1024, kernel_size=(3, 3), stride=(1, 1), padding=(1, 1), groups=1024)
        (conv3): Conv2d(512, 512, kernel_size=(3, 3), stride=(1, 1), padding=(1, 1), groups=512)
        (dconv1): Sequential(
          (0): Conv2d(512, 512, kernel_size=(3, 3), stride=(1, 1), padding=(2, 2), dilation=(2, 2), groups=512)
          (1): GELU(approximate='none')
        )
        (dconv2): Sequential(
          (0): Conv2d(512, 512, kernel_size=(3, 3), stride=(1, 1), padding=(4, 4), dilation=(4, 4), groups=512)
          (1): GELU(approximate='none')
        )
        (dconv3): Sequential(
          (0): Conv2d(512, 512, kernel_size=(3, 3), stride=(1, 1), padding=(8, 8), dilation=(8, 8), groups=512)
          (1): GELU(approximate='none')
        )
        (sca): Sequential(
          (0): AdaptiveAvgPool2d(output_size=1)
          (1): Conv2d(512, 512, kernel_size=(1, 1), stride=(1, 1))
        )
        (sg): SimpleGate()
        (conv4): Conv2d(512, 1024, kernel_size=(1, 1), stride=(1, 1))
        (conv5): Conv2d(512, 512, kernel_size=(1, 1), stride=(1, 1))
        (norm1): LayerNorm()
        (norm2): LayerNorm()
        (dropout1): Identity()
        (dropout2): Identity()
        (fusion): Fusion(
          (sa): SpatialAttention(
            (sa): Conv2d(2, 1, kernel_size=(7, 7), stride=(1, 1), padding=(3, 3), padding_mode=reflect)
          )
          (ca): ChannelAttention(
            (gap): AdaptiveAvgPool2d(output_size=1)
            (ca): Sequential(
              (0): Conv2d(512, 64, kernel_size=(1, 1), stride=(1, 1))
              (1): ReLU(inplace=True)
              (2): Conv2d(64, 512, kernel_size=(1, 1), stride=(1, 1))
            )
          )
          (pa): PA(
            (conv): Conv2d(512, 512, kernel_size=(1, 1), stride=(1, 1))
            (sigmoid): Sigmoid()
          )
          (conv): Conv2d(512, 512, kernel_size=(1, 1), stride=(1, 1))
          (sigmoid): Sigmoid()
        )
        (gelu): GELU(approximate='none')
      )
      (18): CFBlock(
        (mlp): Sequential(
          (0): SimpleGate()
          (1): Linear(in_features=128, out_features=2048, bias=True)
        )
        (conv1): Conv2d(512, 1024, kernel_size=(1, 1), stride=(1, 1))
        (conv2): Conv2d(1024, 1024, kernel_size=(3, 3), stride=(1, 1), padding=(1, 1), groups=1024)
        (conv3): Conv2d(512, 512, kernel_size=(3, 3), stride=(1, 1), padding=(1, 1), groups=512)
        (dconv1): Sequential(
          (0): Conv2d(512, 512, kernel_size=(3, 3), stride=(1, 1), padding=(2, 2), dilation=(2, 2), groups=512)
          (1): GELU(approximate='none')
        )
        (dconv2): Sequential(
          (0): Conv2d(512, 512, kernel_size=(3, 3), stride=(1, 1), padding=(4, 4), dilation=(4, 4), groups=512)
          (1): GELU(approximate='none')
        )
        (dconv3): Sequential(
          (0): Conv2d(512, 512, kernel_size=(3, 3), stride=(1, 1), padding=(8, 8), dilation=(8, 8), groups=512)
          (1): GELU(approximate='none')
        )
        (sca): Sequential(
          (0): AdaptiveAvgPool2d(output_size=1)
          (1): Conv2d(512, 512, kernel_size=(1, 1), stride=(1, 1))
        )
        (sg): SimpleGate()
        (conv4): Conv2d(512, 1024, kernel_size=(1, 1), stride=(1, 1))
        (conv5): Conv2d(512, 512, kernel_size=(1, 1), stride=(1, 1))
        (norm1): LayerNorm()
        (norm2): LayerNorm()
        (dropout1): Identity()
        (dropout2): Identity()
        (fusion): Fusion(
          (sa): SpatialAttention(
            (sa): Conv2d(2, 1, kernel_size=(7, 7), stride=(1, 1), padding=(3, 3), padding_mode=reflect)
          )
          (ca): ChannelAttention(
            (gap): AdaptiveAvgPool2d(output_size=1)
            (ca): Sequential(
              (0): Conv2d(512, 64, kernel_size=(1, 1), stride=(1, 1))
              (1): ReLU(inplace=True)
              (2): Conv2d(64, 512, kernel_size=(1, 1), stride=(1, 1))
            )
          )
          (pa): PA(
            (conv): Conv2d(512, 512, kernel_size=(1, 1), stride=(1, 1))
            (sigmoid): Sigmoid()
          )
          (conv): Conv2d(512, 512, kernel_size=(1, 1), stride=(1, 1))
          (sigmoid): Sigmoid()
        )
        (gelu): GELU(approximate='none')
      )
      (19): CFBlock(
        (mlp): Sequential(
          (0): SimpleGate()
          (1): Linear(in_features=128, out_features=2048, bias=True)
        )
        (conv1): Conv2d(512, 1024, kernel_size=(1, 1), stride=(1, 1))
        (conv2): Conv2d(1024, 1024, kernel_size=(3, 3), stride=(1, 1), padding=(1, 1), groups=1024)
        (conv3): Conv2d(512, 512, kernel_size=(3, 3), stride=(1, 1), padding=(1, 1), groups=512)
        (dconv1): Sequential(
          (0): Conv2d(512, 512, kernel_size=(3, 3), stride=(1, 1), padding=(2, 2), dilation=(2, 2), groups=512)
          (1): GELU(approximate='none')
        )
        (dconv2): Sequential(
          (0): Conv2d(512, 512, kernel_size=(3, 3), stride=(1, 1), padding=(4, 4), dilation=(4, 4), groups=512)
          (1): GELU(approximate='none')
        )
        (dconv3): Sequential(
          (0): Conv2d(512, 512, kernel_size=(3, 3), stride=(1, 1), padding=(8, 8), dilation=(8, 8), groups=512)
          (1): GELU(approximate='none')
        )
        (sca): Sequential(
          (0): AdaptiveAvgPool2d(output_size=1)
          (1): Conv2d(512, 512, kernel_size=(1, 1), stride=(1, 1))
        )
        (sg): SimpleGate()
        (conv4): Conv2d(512, 1024, kernel_size=(1, 1), stride=(1, 1))
        (conv5): Conv2d(512, 512, kernel_size=(1, 1), stride=(1, 1))
        (norm1): LayerNorm()
        (norm2): LayerNorm()
        (dropout1): Identity()
        (dropout2): Identity()
        (fusion): Fusion(
          (sa): SpatialAttention(
            (sa): Conv2d(2, 1, kernel_size=(7, 7), stride=(1, 1), padding=(3, 3), padding_mode=reflect)
          )
          (ca): ChannelAttention(
            (gap): AdaptiveAvgPool2d(output_size=1)
            (ca): Sequential(
              (0): Conv2d(512, 64, kernel_size=(1, 1), stride=(1, 1))
              (1): ReLU(inplace=True)
              (2): Conv2d(64, 512, kernel_size=(1, 1), stride=(1, 1))
            )
          )
          (pa): PA(
            (conv): Conv2d(512, 512, kernel_size=(1, 1), stride=(1, 1))
            (sigmoid): Sigmoid()
          )
          (conv): Conv2d(512, 512, kernel_size=(1, 1), stride=(1, 1))
          (sigmoid): Sigmoid()
        )
        (gelu): GELU(approximate='none')
      )
      (20): CFBlock(
        (mlp): Sequential(
          (0): SimpleGate()
          (1): Linear(in_features=128, out_features=2048, bias=True)
        )
        (conv1): Conv2d(512, 1024, kernel_size=(1, 1), stride=(1, 1))
        (conv2): Conv2d(1024, 1024, kernel_size=(3, 3), stride=(1, 1), padding=(1, 1), groups=1024)
        (conv3): Conv2d(512, 512, kernel_size=(3, 3), stride=(1, 1), padding=(1, 1), groups=512)
        (dconv1): Sequential(
          (0): Conv2d(512, 512, kernel_size=(3, 3), stride=(1, 1), padding=(2, 2), dilation=(2, 2), groups=512)
          (1): GELU(approximate='none')
        )
        (dconv2): Sequential(
          (0): Conv2d(512, 512, kernel_size=(3, 3), stride=(1, 1), padding=(4, 4), dilation=(4, 4), groups=512)
          (1): GELU(approximate='none')
        )
        (dconv3): Sequential(
          (0): Conv2d(512, 512, kernel_size=(3, 3), stride=(1, 1), padding=(8, 8), dilation=(8, 8), groups=512)
          (1): GELU(approximate='none')
        )
        (sca): Sequential(
          (0): AdaptiveAvgPool2d(output_size=1)
          (1): Conv2d(512, 512, kernel_size=(1, 1), stride=(1, 1))
        )
        (sg): SimpleGate()
        (conv4): Conv2d(512, 1024, kernel_size=(1, 1), stride=(1, 1))
        (conv5): Conv2d(512, 512, kernel_size=(1, 1), stride=(1, 1))
        (norm1): LayerNorm()
        (norm2): LayerNorm()
        (dropout1): Identity()
        (dropout2): Identity()
        (fusion): Fusion(
          (sa): SpatialAttention(
            (sa): Conv2d(2, 1, kernel_size=(7, 7), stride=(1, 1), padding=(3, 3), padding_mode=reflect)
          )
          (ca): ChannelAttention(
            (gap): AdaptiveAvgPool2d(output_size=1)
            (ca): Sequential(
              (0): Conv2d(512, 64, kernel_size=(1, 1), stride=(1, 1))
              (1): ReLU(inplace=True)
              (2): Conv2d(64, 512, kernel_size=(1, 1), stride=(1, 1))
            )
          )
          (pa): PA(
            (conv): Conv2d(512, 512, kernel_size=(1, 1), stride=(1, 1))
            (sigmoid): Sigmoid()
          )
          (conv): Conv2d(512, 512, kernel_size=(1, 1), stride=(1, 1))
          (sigmoid): Sigmoid()
        )
        (gelu): GELU(approximate='none')
      )
      (21): CFBlock(
        (mlp): Sequential(
          (0): SimpleGate()
          (1): Linear(in_features=128, out_features=2048, bias=True)
        )
        (conv1): Conv2d(512, 1024, kernel_size=(1, 1), stride=(1, 1))
        (conv2): Conv2d(1024, 1024, kernel_size=(3, 3), stride=(1, 1), padding=(1, 1), groups=1024)
        (conv3): Conv2d(512, 512, kernel_size=(3, 3), stride=(1, 1), padding=(1, 1), groups=512)
        (dconv1): Sequential(
          (0): Conv2d(512, 512, kernel_size=(3, 3), stride=(1, 1), padding=(2, 2), dilation=(2, 2), groups=512)
          (1): GELU(approximate='none')
        )
        (dconv2): Sequential(
          (0): Conv2d(512, 512, kernel_size=(3, 3), stride=(1, 1), padding=(4, 4), dilation=(4, 4), groups=512)
          (1): GELU(approximate='none')
        )
        (dconv3): Sequential(
          (0): Conv2d(512, 512, kernel_size=(3, 3), stride=(1, 1), padding=(8, 8), dilation=(8, 8), groups=512)
          (1): GELU(approximate='none')
        )
        (sca): Sequential(
          (0): AdaptiveAvgPool2d(output_size=1)
          (1): Conv2d(512, 512, kernel_size=(1, 1), stride=(1, 1))
        )
        (sg): SimpleGate()
        (conv4): Conv2d(512, 1024, kernel_size=(1, 1), stride=(1, 1))
        (conv5): Conv2d(512, 512, kernel_size=(1, 1), stride=(1, 1))
        (norm1): LayerNorm()
        (norm2): LayerNorm()
        (dropout1): Identity()
        (dropout2): Identity()
        (fusion): Fusion(
          (sa): SpatialAttention(
            (sa): Conv2d(2, 1, kernel_size=(7, 7), stride=(1, 1), padding=(3, 3), padding_mode=reflect)
          )
          (ca): ChannelAttention(
            (gap): AdaptiveAvgPool2d(output_size=1)
            (ca): Sequential(
              (0): Conv2d(512, 64, kernel_size=(1, 1), stride=(1, 1))
              (1): ReLU(inplace=True)
              (2): Conv2d(64, 512, kernel_size=(1, 1), stride=(1, 1))
            )
          )
          (pa): PA(
            (conv): Conv2d(512, 512, kernel_size=(1, 1), stride=(1, 1))
            (sigmoid): Sigmoid()
          )
          (conv): Conv2d(512, 512, kernel_size=(1, 1), stride=(1, 1))
          (sigmoid): Sigmoid()
        )
        (gelu): GELU(approximate='none')
      )
      (22): CFBlock(
        (mlp): Sequential(
          (0): SimpleGate()
          (1): Linear(in_features=128, out_features=2048, bias=True)
        )
        (conv1): Conv2d(512, 1024, kernel_size=(1, 1), stride=(1, 1))
        (conv2): Conv2d(1024, 1024, kernel_size=(3, 3), stride=(1, 1), padding=(1, 1), groups=1024)
        (conv3): Conv2d(512, 512, kernel_size=(3, 3), stride=(1, 1), padding=(1, 1), groups=512)
        (dconv1): Sequential(
          (0): Conv2d(512, 512, kernel_size=(3, 3), stride=(1, 1), padding=(2, 2), dilation=(2, 2), groups=512)
          (1): GELU(approximate='none')
        )
        (dconv2): Sequential(
          (0): Conv2d(512, 512, kernel_size=(3, 3), stride=(1, 1), padding=(4, 4), dilation=(4, 4), groups=512)
          (1): GELU(approximate='none')
        )
        (dconv3): Sequential(
          (0): Conv2d(512, 512, kernel_size=(3, 3), stride=(1, 1), padding=(8, 8), dilation=(8, 8), groups=512)
          (1): GELU(approximate='none')
        )
        (sca): Sequential(
          (0): AdaptiveAvgPool2d(output_size=1)
          (1): Conv2d(512, 512, kernel_size=(1, 1), stride=(1, 1))
        )
        (sg): SimpleGate()
        (conv4): Conv2d(512, 1024, kernel_size=(1, 1), stride=(1, 1))
        (conv5): Conv2d(512, 512, kernel_size=(1, 1), stride=(1, 1))
        (norm1): LayerNorm()
        (norm2): LayerNorm()
        (dropout1): Identity()
        (dropout2): Identity()
        (fusion): Fusion(
          (sa): SpatialAttention(
            (sa): Conv2d(2, 1, kernel_size=(7, 7), stride=(1, 1), padding=(3, 3), padding_mode=reflect)
          )
          (ca): ChannelAttention(
            (gap): AdaptiveAvgPool2d(output_size=1)
            (ca): Sequential(
              (0): Conv2d(512, 64, kernel_size=(1, 1), stride=(1, 1))
              (1): ReLU(inplace=True)
              (2): Conv2d(64, 512, kernel_size=(1, 1), stride=(1, 1))
            )
          )
          (pa): PA(
            (conv): Conv2d(512, 512, kernel_size=(1, 1), stride=(1, 1))
            (sigmoid): Sigmoid()
          )
          (conv): Conv2d(512, 512, kernel_size=(1, 1), stride=(1, 1))
          (sigmoid): Sigmoid()
        )
        (gelu): GELU(approximate='none')
      )
      (23): CFBlock(
        (mlp): Sequential(
          (0): SimpleGate()
          (1): Linear(in_features=128, out_features=2048, bias=True)
        )
        (conv1): Conv2d(512, 1024, kernel_size=(1, 1), stride=(1, 1))
        (conv2): Conv2d(1024, 1024, kernel_size=(3, 3), stride=(1, 1), padding=(1, 1), groups=1024)
        (conv3): Conv2d(512, 512, kernel_size=(3, 3), stride=(1, 1), padding=(1, 1), groups=512)
        (dconv1): Sequential(
          (0): Conv2d(512, 512, kernel_size=(3, 3), stride=(1, 1), padding=(2, 2), dilation=(2, 2), groups=512)
          (1): GELU(approximate='none')
        )
        (dconv2): Sequential(
          (0): Conv2d(512, 512, kernel_size=(3, 3), stride=(1, 1), padding=(4, 4), dilation=(4, 4), groups=512)
          (1): GELU(approximate='none')
        )
        (dconv3): Sequential(
          (0): Conv2d(512, 512, kernel_size=(3, 3), stride=(1, 1), padding=(8, 8), dilation=(8, 8), groups=512)
          (1): GELU(approximate='none')
        )
        (sca): Sequential(
          (0): AdaptiveAvgPool2d(output_size=1)
          (1): Conv2d(512, 512, kernel_size=(1, 1), stride=(1, 1))
        )
        (sg): SimpleGate()
        (conv4): Conv2d(512, 1024, kernel_size=(1, 1), stride=(1, 1))
        (conv5): Conv2d(512, 512, kernel_size=(1, 1), stride=(1, 1))
        (norm1): LayerNorm()
        (norm2): LayerNorm()
        (dropout1): Identity()
        (dropout2): Identity()
        (fusion): Fusion(
          (sa): SpatialAttention(
            (sa): Conv2d(2, 1, kernel_size=(7, 7), stride=(1, 1), padding=(3, 3), padding_mode=reflect)
          )
          (ca): ChannelAttention(
            (gap): AdaptiveAvgPool2d(output_size=1)
            (ca): Sequential(
              (0): Conv2d(512, 64, kernel_size=(1, 1), stride=(1, 1))
              (1): ReLU(inplace=True)
              (2): Conv2d(64, 512, kernel_size=(1, 1), stride=(1, 1))
            )
          )
          (pa): PA(
            (conv): Conv2d(512, 512, kernel_size=(1, 1), stride=(1, 1))
            (sigmoid): Sigmoid()
          )
          (conv): Conv2d(512, 512, kernel_size=(1, 1), stride=(1, 1))
          (sigmoid): Sigmoid()
        )
        (gelu): GELU(approximate='none')
      )
      (24): CFBlock(
        (mlp): Sequential(
          (0): SimpleGate()
          (1): Linear(in_features=128, out_features=2048, bias=True)
        )
        (conv1): Conv2d(512, 1024, kernel_size=(1, 1), stride=(1, 1))
        (conv2): Conv2d(1024, 1024, kernel_size=(3, 3), stride=(1, 1), padding=(1, 1), groups=1024)
        (conv3): Conv2d(512, 512, kernel_size=(3, 3), stride=(1, 1), padding=(1, 1), groups=512)
        (dconv1): Sequential(
          (0): Conv2d(512, 512, kernel_size=(3, 3), stride=(1, 1), padding=(2, 2), dilation=(2, 2), groups=512)
          (1): GELU(approximate='none')
        )
        (dconv2): Sequential(
          (0): Conv2d(512, 512, kernel_size=(3, 3), stride=(1, 1), padding=(4, 4), dilation=(4, 4), groups=512)
          (1): GELU(approximate='none')
        )
        (dconv3): Sequential(
          (0): Conv2d(512, 512, kernel_size=(3, 3), stride=(1, 1), padding=(8, 8), dilation=(8, 8), groups=512)
          (1): GELU(approximate='none')
        )
        (sca): Sequential(
          (0): AdaptiveAvgPool2d(output_size=1)
          (1): Conv2d(512, 512, kernel_size=(1, 1), stride=(1, 1))
        )
        (sg): SimpleGate()
        (conv4): Conv2d(512, 1024, kernel_size=(1, 1), stride=(1, 1))
        (conv5): Conv2d(512, 512, kernel_size=(1, 1), stride=(1, 1))
        (norm1): LayerNorm()
        (norm2): LayerNorm()
        (dropout1): Identity()
        (dropout2): Identity()
        (fusion): Fusion(
          (sa): SpatialAttention(
            (sa): Conv2d(2, 1, kernel_size=(7, 7), stride=(1, 1), padding=(3, 3), padding_mode=reflect)
          )
          (ca): ChannelAttention(
            (gap): AdaptiveAvgPool2d(output_size=1)
            (ca): Sequential(
              (0): Conv2d(512, 64, kernel_size=(1, 1), stride=(1, 1))
              (1): ReLU(inplace=True)
              (2): Conv2d(64, 512, kernel_size=(1, 1), stride=(1, 1))
            )
          )
          (pa): PA(
            (conv): Conv2d(512, 512, kernel_size=(1, 1), stride=(1, 1))
            (sigmoid): Sigmoid()
          )
          (conv): Conv2d(512, 512, kernel_size=(1, 1), stride=(1, 1))
          (sigmoid): Sigmoid()
        )
        (gelu): GELU(approximate='none')
      )
      (25): CFBlock(
        (mlp): Sequential(
          (0): SimpleGate()
          (1): Linear(in_features=128, out_features=2048, bias=True)
        )
        (conv1): Conv2d(512, 1024, kernel_size=(1, 1), stride=(1, 1))
        (conv2): Conv2d(1024, 1024, kernel_size=(3, 3), stride=(1, 1), padding=(1, 1), groups=1024)
        (conv3): Conv2d(512, 512, kernel_size=(3, 3), stride=(1, 1), padding=(1, 1), groups=512)
        (dconv1): Sequential(
          (0): Conv2d(512, 512, kernel_size=(3, 3), stride=(1, 1), padding=(2, 2), dilation=(2, 2), groups=512)
          (1): GELU(approximate='none')
        )
        (dconv2): Sequential(
          (0): Conv2d(512, 512, kernel_size=(3, 3), stride=(1, 1), padding=(4, 4), dilation=(4, 4), groups=512)
          (1): GELU(approximate='none')
        )
        (dconv3): Sequential(
          (0): Conv2d(512, 512, kernel_size=(3, 3), stride=(1, 1), padding=(8, 8), dilation=(8, 8), groups=512)
          (1): GELU(approximate='none')
        )
        (sca): Sequential(
          (0): AdaptiveAvgPool2d(output_size=1)
          (1): Conv2d(512, 512, kernel_size=(1, 1), stride=(1, 1))
        )
        (sg): SimpleGate()
        (conv4): Conv2d(512, 1024, kernel_size=(1, 1), stride=(1, 1))
        (conv5): Conv2d(512, 512, kernel_size=(1, 1), stride=(1, 1))
        (norm1): LayerNorm()
        (norm2): LayerNorm()
        (dropout1): Identity()
        (dropout2): Identity()
        (fusion): Fusion(
          (sa): SpatialAttention(
            (sa): Conv2d(2, 1, kernel_size=(7, 7), stride=(1, 1), padding=(3, 3), padding_mode=reflect)
          )
          (ca): ChannelAttention(
            (gap): AdaptiveAvgPool2d(output_size=1)
            (ca): Sequential(
              (0): Conv2d(512, 64, kernel_size=(1, 1), stride=(1, 1))
              (1): ReLU(inplace=True)
              (2): Conv2d(64, 512, kernel_size=(1, 1), stride=(1, 1))
            )
          )
          (pa): PA(
            (conv): Conv2d(512, 512, kernel_size=(1, 1), stride=(1, 1))
            (sigmoid): Sigmoid()
          )
          (conv): Conv2d(512, 512, kernel_size=(1, 1), stride=(1, 1))
          (sigmoid): Sigmoid()
        )
        (gelu): GELU(approximate='none')
      )
      (26): CFBlock(
        (mlp): Sequential(
          (0): SimpleGate()
          (1): Linear(in_features=128, out_features=2048, bias=True)
        )
        (conv1): Conv2d(512, 1024, kernel_size=(1, 1), stride=(1, 1))
        (conv2): Conv2d(1024, 1024, kernel_size=(3, 3), stride=(1, 1), padding=(1, 1), groups=1024)
        (conv3): Conv2d(512, 512, kernel_size=(3, 3), stride=(1, 1), padding=(1, 1), groups=512)
        (dconv1): Sequential(
          (0): Conv2d(512, 512, kernel_size=(3, 3), stride=(1, 1), padding=(2, 2), dilation=(2, 2), groups=512)
          (1): GELU(approximate='none')
        )
        (dconv2): Sequential(
          (0): Conv2d(512, 512, kernel_size=(3, 3), stride=(1, 1), padding=(4, 4), dilation=(4, 4), groups=512)
          (1): GELU(approximate='none')
        )
        (dconv3): Sequential(
          (0): Conv2d(512, 512, kernel_size=(3, 3), stride=(1, 1), padding=(8, 8), dilation=(8, 8), groups=512)
          (1): GELU(approximate='none')
        )
        (sca): Sequential(
          (0): AdaptiveAvgPool2d(output_size=1)
          (1): Conv2d(512, 512, kernel_size=(1, 1), stride=(1, 1))
        )
        (sg): SimpleGate()
        (conv4): Conv2d(512, 1024, kernel_size=(1, 1), stride=(1, 1))
        (conv5): Conv2d(512, 512, kernel_size=(1, 1), stride=(1, 1))
        (norm1): LayerNorm()
        (norm2): LayerNorm()
        (dropout1): Identity()
        (dropout2): Identity()
        (fusion): Fusion(
          (sa): SpatialAttention(
            (sa): Conv2d(2, 1, kernel_size=(7, 7), stride=(1, 1), padding=(3, 3), padding_mode=reflect)
          )
          (ca): ChannelAttention(
            (gap): AdaptiveAvgPool2d(output_size=1)
            (ca): Sequential(
              (0): Conv2d(512, 64, kernel_size=(1, 1), stride=(1, 1))
              (1): ReLU(inplace=True)
              (2): Conv2d(64, 512, kernel_size=(1, 1), stride=(1, 1))
            )
          )
          (pa): PA(
            (conv): Conv2d(512, 512, kernel_size=(1, 1), stride=(1, 1))
            (sigmoid): Sigmoid()
          )
          (conv): Conv2d(512, 512, kernel_size=(1, 1), stride=(1, 1))
          (sigmoid): Sigmoid()
        )
        (gelu): GELU(approximate='none')
      )
      (27): CFBlock(
        (mlp): Sequential(
          (0): SimpleGate()
          (1): Linear(in_features=128, out_features=2048, bias=True)
        )
        (conv1): Conv2d(512, 1024, kernel_size=(1, 1), stride=(1, 1))
        (conv2): Conv2d(1024, 1024, kernel_size=(3, 3), stride=(1, 1), padding=(1, 1), groups=1024)
        (conv3): Conv2d(512, 512, kernel_size=(3, 3), stride=(1, 1), padding=(1, 1), groups=512)
        (dconv1): Sequential(
          (0): Conv2d(512, 512, kernel_size=(3, 3), stride=(1, 1), padding=(2, 2), dilation=(2, 2), groups=512)
          (1): GELU(approximate='none')
        )
        (dconv2): Sequential(
          (0): Conv2d(512, 512, kernel_size=(3, 3), stride=(1, 1), padding=(4, 4), dilation=(4, 4), groups=512)
          (1): GELU(approximate='none')
        )
        (dconv3): Sequential(
          (0): Conv2d(512, 512, kernel_size=(3, 3), stride=(1, 1), padding=(8, 8), dilation=(8, 8), groups=512)
          (1): GELU(approximate='none')
        )
        (sca): Sequential(
          (0): AdaptiveAvgPool2d(output_size=1)
          (1): Conv2d(512, 512, kernel_size=(1, 1), stride=(1, 1))
        )
        (sg): SimpleGate()
        (conv4): Conv2d(512, 1024, kernel_size=(1, 1), stride=(1, 1))
        (conv5): Conv2d(512, 512, kernel_size=(1, 1), stride=(1, 1))
        (norm1): LayerNorm()
        (norm2): LayerNorm()
        (dropout1): Identity()
        (dropout2): Identity()
        (fusion): Fusion(
          (sa): SpatialAttention(
            (sa): Conv2d(2, 1, kernel_size=(7, 7), stride=(1, 1), padding=(3, 3), padding_mode=reflect)
          )
          (ca): ChannelAttention(
            (gap): AdaptiveAvgPool2d(output_size=1)
            (ca): Sequential(
              (0): Conv2d(512, 64, kernel_size=(1, 1), stride=(1, 1))
              (1): ReLU(inplace=True)
              (2): Conv2d(64, 512, kernel_size=(1, 1), stride=(1, 1))
            )
          )
          (pa): PA(
            (conv): Conv2d(512, 512, kernel_size=(1, 1), stride=(1, 1))
            (sigmoid): Sigmoid()
          )
          (conv): Conv2d(512, 512, kernel_size=(1, 1), stride=(1, 1))
          (sigmoid): Sigmoid()
        )
        (gelu): GELU(approximate='none')
      )
    )
  )
  (decoders): ModuleList(
    (0): Sequential(
      (0): CFBlock(
        (mlp): Sequential(
          (0): SimpleGate()
          (1): Linear(in_features=128, out_features=2048, bias=True)
        )
        (conv1): Conv2d(512, 1024, kernel_size=(1, 1), stride=(1, 1))
        (conv2): Conv2d(1024, 1024, kernel_size=(3, 3), stride=(1, 1), padding=(1, 1), groups=1024)
        (conv3): Conv2d(512, 512, kernel_size=(3, 3), stride=(1, 1), padding=(1, 1), groups=512)
        (dconv1): Sequential(
          (0): Conv2d(512, 512, kernel_size=(3, 3), stride=(1, 1), padding=(2, 2), dilation=(2, 2), groups=512)
          (1): GELU(approximate='none')
        )
        (dconv2): Sequential(
          (0): Conv2d(512, 512, kernel_size=(3, 3), stride=(1, 1), padding=(4, 4), dilation=(4, 4), groups=512)
          (1): GELU(approximate='none')
        )
        (dconv3): Sequential(
          (0): Conv2d(512, 512, kernel_size=(3, 3), stride=(1, 1), padding=(8, 8), dilation=(8, 8), groups=512)
          (1): GELU(approximate='none')
        )
        (sca): Sequential(
          (0): AdaptiveAvgPool2d(output_size=1)
          (1): Conv2d(512, 512, kernel_size=(1, 1), stride=(1, 1))
        )
        (sg): SimpleGate()
        (conv4): Conv2d(512, 1024, kernel_size=(1, 1), stride=(1, 1))
        (conv5): Conv2d(512, 512, kernel_size=(1, 1), stride=(1, 1))
        (norm1): LayerNorm()
        (norm2): LayerNorm()
        (dropout1): Identity()
        (dropout2): Identity()
        (fusion): Fusion(
          (sa): SpatialAttention(
            (sa): Conv2d(2, 1, kernel_size=(7, 7), stride=(1, 1), padding=(3, 3), padding_mode=reflect)
          )
          (ca): ChannelAttention(
            (gap): AdaptiveAvgPool2d(output_size=1)
            (ca): Sequential(
              (0): Conv2d(512, 64, kernel_size=(1, 1), stride=(1, 1))
              (1): ReLU(inplace=True)
              (2): Conv2d(64, 512, kernel_size=(1, 1), stride=(1, 1))
            )
          )
          (pa): PA(
            (conv): Conv2d(512, 512, kernel_size=(1, 1), stride=(1, 1))
            (sigmoid): Sigmoid()
          )
          (conv): Conv2d(512, 512, kernel_size=(1, 1), stride=(1, 1))
          (sigmoid): Sigmoid()
        )
        (gelu): GELU(approximate='none')
      )
    )
    (1): Sequential(
      (0): CFBlock(
        (mlp): Sequential(
          (0): SimpleGate()
          (1): Linear(in_features=128, out_features=1024, bias=True)
        )
        (conv1): Conv2d(256, 512, kernel_size=(1, 1), stride=(1, 1))
        (conv2): Conv2d(512, 512, kernel_size=(3, 3), stride=(1, 1), padding=(1, 1), groups=512)
        (conv3): Conv2d(256, 256, kernel_size=(3, 3), stride=(1, 1), padding=(1, 1), groups=256)
        (dconv1): Sequential(
          (0): Conv2d(256, 256, kernel_size=(3, 3), stride=(1, 1), padding=(2, 2), dilation=(2, 2), groups=256)
          (1): GELU(approximate='none')
        )
        (dconv2): Sequential(
          (0): Conv2d(256, 256, kernel_size=(3, 3), stride=(1, 1), padding=(4, 4), dilation=(4, 4), groups=256)
          (1): GELU(approximate='none')
        )
        (dconv3): Sequential(
          (0): Conv2d(256, 256, kernel_size=(3, 3), stride=(1, 1), padding=(8, 8), dilation=(8, 8), groups=256)
          (1): GELU(approximate='none')
        )
        (sca): Sequential(
          (0): AdaptiveAvgPool2d(output_size=1)
          (1): Conv2d(256, 256, kernel_size=(1, 1), stride=(1, 1))
        )
        (sg): SimpleGate()
        (conv4): Conv2d(256, 512, kernel_size=(1, 1), stride=(1, 1))
        (conv5): Conv2d(256, 256, kernel_size=(1, 1), stride=(1, 1))
        (norm1): LayerNorm()
        (norm2): LayerNorm()
        (dropout1): Identity()
        (dropout2): Identity()
        (fusion): Fusion(
          (sa): SpatialAttention(
            (sa): Conv2d(2, 1, kernel_size=(7, 7), stride=(1, 1), padding=(3, 3), padding_mode=reflect)
          )
          (ca): ChannelAttention(
            (gap): AdaptiveAvgPool2d(output_size=1)
            (ca): Sequential(
              (0): Conv2d(256, 32, kernel_size=(1, 1), stride=(1, 1))
              (1): ReLU(inplace=True)
              (2): Conv2d(32, 256, kernel_size=(1, 1), stride=(1, 1))
            )
          )
          (pa): PA(
            (conv): Conv2d(256, 256, kernel_size=(1, 1), stride=(1, 1))
            (sigmoid): Sigmoid()
          )
          (conv): Conv2d(256, 256, kernel_size=(1, 1), stride=(1, 1))
          (sigmoid): Sigmoid()
        )
        (gelu): GELU(approximate='none')
      )
    )
    (2): Sequential(
      (0): CFBlock(
        (mlp): Sequential(
          (0): SimpleGate()
          (1): Linear(in_features=128, out_features=512, bias=True)
        )
        (conv1): Conv2d(128, 256, kernel_size=(1, 1), stride=(1, 1))
        (conv2): Conv2d(256, 256, kernel_size=(3, 3), stride=(1, 1), padding=(1, 1), groups=256)
        (conv3): Conv2d(128, 128, kernel_size=(3, 3), stride=(1, 1), padding=(1, 1), groups=128)
        (dconv1): Sequential(
          (0): Conv2d(128, 128, kernel_size=(3, 3), stride=(1, 1), padding=(2, 2), dilation=(2, 2), groups=128)
          (1): GELU(approximate='none')
        )
        (dconv2): Sequential(
          (0): Conv2d(128, 128, kernel_size=(3, 3), stride=(1, 1), padding=(4, 4), dilation=(4, 4), groups=128)
          (1): GELU(approximate='none')
        )
        (dconv3): Sequential(
          (0): Conv2d(128, 128, kernel_size=(3, 3), stride=(1, 1), padding=(8, 8), dilation=(8, 8), groups=128)
          (1): GELU(approximate='none')
        )
        (sca): Sequential(
          (0): AdaptiveAvgPool2d(output_size=1)
          (1): Conv2d(128, 128, kernel_size=(1, 1), stride=(1, 1))
        )
        (sg): SimpleGate()
        (conv4): Conv2d(128, 256, kernel_size=(1, 1), stride=(1, 1))
        (conv5): Conv2d(128, 128, kernel_size=(1, 1), stride=(1, 1))
        (norm1): LayerNorm()
        (norm2): LayerNorm()
        (dropout1): Identity()
        (dropout2): Identity()
        (fusion): Fusion(
          (sa): SpatialAttention(
            (sa): Conv2d(2, 1, kernel_size=(7, 7), stride=(1, 1), padding=(3, 3), padding_mode=reflect)
          )
          (ca): ChannelAttention(
            (gap): AdaptiveAvgPool2d(output_size=1)
            (ca): Sequential(
              (0): Conv2d(128, 16, kernel_size=(1, 1), stride=(1, 1))
              (1): ReLU(inplace=True)
              (2): Conv2d(16, 128, kernel_size=(1, 1), stride=(1, 1))
            )
          )
          (pa): PA(
            (conv): Conv2d(128, 128, kernel_size=(1, 1), stride=(1, 1))
            (sigmoid): Sigmoid()
          )
          (conv): Conv2d(128, 128, kernel_size=(1, 1), stride=(1, 1))
          (sigmoid): Sigmoid()
        )
        (gelu): GELU(approximate='none')
      )
    )
    (3): Sequential(
      (0): CFBlock(
        (mlp): Sequential(
          (0): SimpleGate()
          (1): Linear(in_features=128, out_features=256, bias=True)
        )
        (conv1): Conv2d(64, 128, kernel_size=(1, 1), stride=(1, 1))
        (conv2): Conv2d(128, 128, kernel_size=(3, 3), stride=(1, 1), padding=(1, 1), groups=128)
        (conv3): Conv2d(64, 64, kernel_size=(3, 3), stride=(1, 1), padding=(1, 1), groups=64)
        (dconv1): Sequential(
          (0): Conv2d(64, 64, kernel_size=(3, 3), stride=(1, 1), padding=(2, 2), dilation=(2, 2), groups=64)
          (1): GELU(approximate='none')
        )
        (dconv2): Sequential(
          (0): Conv2d(64, 64, kernel_size=(3, 3), stride=(1, 1), padding=(4, 4), dilation=(4, 4), groups=64)
          (1): GELU(approximate='none')
        )
        (dconv3): Sequential(
          (0): Conv2d(64, 64, kernel_size=(3, 3), stride=(1, 1), padding=(8, 8), dilation=(8, 8), groups=64)
          (1): GELU(approximate='none')
        )
        (sca): Sequential(
          (0): AdaptiveAvgPool2d(output_size=1)
          (1): Conv2d(64, 64, kernel_size=(1, 1), stride=(1, 1))
        )
        (sg): SimpleGate()
        (conv4): Conv2d(64, 128, kernel_size=(1, 1), stride=(1, 1))
        (conv5): Conv2d(64, 64, kernel_size=(1, 1), stride=(1, 1))
        (norm1): LayerNorm()
        (norm2): LayerNorm()
        (dropout1): Identity()
        (dropout2): Identity()
        (fusion): Fusion(
          (sa): SpatialAttention(
            (sa): Conv2d(2, 1, kernel_size=(7, 7), stride=(1, 1), padding=(3, 3), padding_mode=reflect)
          )
          (ca): ChannelAttention(
            (gap): AdaptiveAvgPool2d(output_size=1)
            (ca): Sequential(
              (0): Conv2d(64, 8, kernel_size=(1, 1), stride=(1, 1))
              (1): ReLU(inplace=True)
              (2): Conv2d(8, 64, kernel_size=(1, 1), stride=(1, 1))
            )
          )
          (pa): PA(
            (conv): Conv2d(64, 64, kernel_size=(1, 1), stride=(1, 1))
            (sigmoid): Sigmoid()
          )
          (conv): Conv2d(64, 64, kernel_size=(1, 1), stride=(1, 1))
          (sigmoid): Sigmoid()
        )
        (gelu): GELU(approximate='none')
      )
    )
  )
  (middle_blks): Sequential(
    (0): CFBlock(
      (mlp): Sequential(
        (0): SimpleGate()
        (1): Linear(in_features=128, out_features=4096, bias=True)
      )
      (conv1): Conv2d(1024, 2048, kernel_size=(1, 1), stride=(1, 1))
      (conv2): Conv2d(2048, 2048, kernel_size=(3, 3), stride=(1, 1), padding=(1, 1), groups=2048)
      (conv3): Conv2d(1024, 1024, kernel_size=(3, 3), stride=(1, 1), padding=(1, 1), groups=1024)
      (dconv1): Sequential(
        (0): Conv2d(1024, 1024, kernel_size=(3, 3), stride=(1, 1), padding=(2, 2), dilation=(2, 2), groups=1024)
        (1): GELU(approximate='none')
      )
      (dconv2): Sequential(
        (0): Conv2d(1024, 1024, kernel_size=(3, 3), stride=(1, 1), padding=(4, 4), dilation=(4, 4), groups=1024)
        (1): GELU(approximate='none')
      )
      (dconv3): Sequential(
        (0): Conv2d(1024, 1024, kernel_size=(3, 3), stride=(1, 1), padding=(8, 8), dilation=(8, 8), groups=1024)
        (1): GELU(approximate='none')
      )
      (sca): Sequential(
        (0): AdaptiveAvgPool2d(output_size=1)
        (1): Conv2d(1024, 1024, kernel_size=(1, 1), stride=(1, 1))
      )
      (sg): SimpleGate()
      (conv4): Conv2d(1024, 2048, kernel_size=(1, 1), stride=(1, 1))
      (conv5): Conv2d(1024, 1024, kernel_size=(1, 1), stride=(1, 1))
      (norm1): LayerNorm()
      (norm2): LayerNorm()
      (dropout1): Identity()
      (dropout2): Identity()
      (fusion): Fusion(
        (sa): SpatialAttention(
          (sa): Conv2d(2, 1, kernel_size=(7, 7), stride=(1, 1), padding=(3, 3), padding_mode=reflect)
        )
        (ca): ChannelAttention(
          (gap): AdaptiveAvgPool2d(output_size=1)
          (ca): Sequential(
            (0): Conv2d(1024, 128, kernel_size=(1, 1), stride=(1, 1))
            (1): ReLU(inplace=True)
            (2): Conv2d(128, 1024, kernel_size=(1, 1), stride=(1, 1))
          )
        )
        (pa): PA(
          (conv): Conv2d(1024, 1024, kernel_size=(1, 1), stride=(1, 1))
          (sigmoid): Sigmoid()
        )
        (conv): Conv2d(1024, 1024, kernel_size=(1, 1), stride=(1, 1))
        (sigmoid): Sigmoid()
      )
      (gelu): GELU(approximate='none')
    )
  )
  (ups): ModuleList(
    (0): Sequential(
      (0): Conv2d(1024, 2048, kernel_size=(1, 1), stride=(1, 1), bias=False)
      (1): PixelShuffle(upscale_factor=2)
    )
    (1): Sequential(
      (0): Conv2d(512, 1024, kernel_size=(1, 1), stride=(1, 1), bias=False)
      (1): PixelShuffle(upscale_factor=2)
    )
    (2): Sequential(
      (0): Conv2d(256, 512, kernel_size=(1, 1), stride=(1, 1), bias=False)
      (1): PixelShuffle(upscale_factor=2)
    )
    (3): Sequential(
      (0): Conv2d(128, 256, kernel_size=(1, 1), stride=(1, 1), bias=False)
      (1): PixelShuffle(upscale_factor=2)
    )
  )
  (downs): ModuleList(
    (0): Conv2d(64, 128, kernel_size=(2, 2), stride=(2, 2))
    (1): Conv2d(128, 256, kernel_size=(2, 2), stride=(2, 2))
    (2): Conv2d(256, 512, kernel_size=(2, 2), stride=(2, 2))
    (3): Conv2d(512, 1024, kernel_size=(2, 2), stride=(2, 2))
  )
)
26-08-19 16:44:55.634 - INFO: Model [DenoisingModel] is created.
26-08-19 16:44:55.639 - INFO: Start training from epoch: 0, iter: 0
26-08-19 16:46:06.108 - INFO: <epoch:  1, iter:     100, lr:4.000e-05> sigma_scale: 9.9672e-01 loss: 1.3479e-02 
26-08-19 16:46:36.600 - INFO: <epoch:  3, iter:     200, lr:3.999e-05> sigma_scale: 9.8460e-01 loss: 9.4177e-02 
26-08-19 16:47:07.434 - INFO: <epoch:  5, iter:     300, lr:3.999e-05> sigma_scale: 9.7629e-01 loss: 3.3657e-02 
26-08-19 16:47:37.239 - INFO: <epoch:  7, iter:     400, lr:3.997e-05> sigma_scale: 9.7963e-01 loss: 1.3671e-02 
26-08-19 16:48:07.626 - INFO: <epoch:  9, iter:     500, lr:3.996e-05> sigma_scale: 9.8919e-01 loss: 2.3234e-02 
26-08-19 16:48:37.854 - INFO: <epoch: 11, iter:     600, lr:3.994e-05> sigma_scale: 9.9483e-01 loss: 1.3399e-02 
26-08-19 16:49:06.750 - INFO: <epoch: 13, iter:     700, lr:3.992e-05> sigma_scale: 9.9421e-01 loss: 1.3814e-02 
26-08-19 16:49:36.117 - INFO: <epoch: 15, iter:     800, lr:3.990e-05> sigma_scale: 9.9392e-01 loss: 6.1328e-03 
26-08-19 16:50:05.332 - INFO: <epoch: 17, iter:     900, lr:3.987e-05> sigma_scale: 9.9338e-01 loss: 1.0259e-02 
26-08-19 16:50:35.026 - INFO: <epoch: 19, iter:   1,000, lr:3.984e-05> sigma_scale: 9.9527e-01 loss: 5.4589e-04 
26-08-19 16:51:04.601 - INFO: <epoch: 21, iter:   1,100, lr:3.981e-05> sigma_scale: 9.9559e-01 loss: 5.2641e-04 
26-08-19 16:51:33.969 - INFO: <epoch: 23, iter:   1,200, lr:3.977e-05> sigma_scale: 9.9567e-01 loss: 8.5345e-03 
26-08-19 16:52:03.725 - INFO: <epoch: 25, iter:   1,300, lr:3.973e-05> sigma_scale: 9.9760e-01 loss: 7.2421e-03 
26-08-19 16:52:32.764 - INFO: <epoch: 27, iter:   1,400, lr:3.969e-05> sigma_scale: 9.9323e-01 loss: 1.1266e-02 
26-08-19 16:53:02.182 - INFO: <epoch: 29, iter:   1,500, lr:3.965e-05> sigma_scale: 9.9830e-01 loss: 2.1340e-03 
26-08-19 16:53:32.997 - INFO: <epoch: 31, iter:   1,600, lr:3.960e-05> sigma_scale: 9.9622e-01 loss: 7.7734e-03 
26-08-19 16:54:02.902 - INFO: <epoch: 33, iter:   1,700, lr:3.955e-05> sigma_scale: 9.9617e-01 loss: 1.0551e-02 
26-08-19 16:54:32.556 - INFO: <epoch: 35, iter:   1,800, lr:3.949e-05> sigma_scale: 9.9655e-01 loss: 9.5926e-03 
26-08-19 16:55:01.945 - INFO: <epoch: 37, iter:   1,900, lr:3.943e-05> sigma_scale: 9.9620e-01 loss: 2.5159e-03 
26-08-19 16:55:31.262 - INFO: <epoch: 39, iter:   2,000, lr:3.937e-05> sigma_scale: 9.9664e-01 loss: 3.7947e-04 
26-08-19 16:56:00.240 - INFO: <epoch: 41, iter:   2,100, lr:3.931e-05> sigma_scale: 9.9924e-01 loss: 5.0238e-03 
26-08-19 16:56:29.664 - INFO: <epoch: 43, iter:   2,200, lr:3.924e-05> sigma_scale: 9.9803e-01 loss: 8.7170e-03 
26-08-19 16:56:59.388 - INFO: <epoch: 45, iter:   2,300, lr:3.917e-05> sigma_scale: 9.9844e-01 loss: 3.5743e-03 
26-08-19 16:57:28.309 - INFO: <epoch: 47, iter:   2,400, lr:3.910e-05> sigma_scale: 9.9833e-01 loss: 4.9809e-03 
26-08-19 16:57:57.791 - INFO: <epoch: 49, iter:   2,500, lr:3.902e-05> sigma_scale: 9.9471e-01 loss: 2.9243e-04 
26-08-19 16:58:26.964 - INFO: <epoch: 51, iter:   2,600, lr:3.894e-05> sigma_scale: 9.9655e-01 loss: 6.5861e-03 
26-08-19 16:58:55.802 - INFO: <epoch: 53, iter:   2,700, lr:3.886e-05> sigma_scale: 9.9735e-01 loss: 6.5197e-03 
26-08-19 16:59:25.734 - INFO: <epoch: 55, iter:   2,800, lr:3.878e-05> sigma_scale: 9.9834e-01 loss: 2.4004e-04 
26-08-19 16:59:54.300 - INFO: <epoch: 57, iter:   2,900, lr:3.869e-05> sigma_scale: 9.9779e-01 loss: 2.3408e-04 
26-08-19 17:00:24.417 - INFO: <epoch: 59, iter:   3,000, lr:3.860e-05> sigma_scale: 9.9736e-01 loss: 5.7911e-03 
26-08-19 17:00:54.523 - INFO: <epoch: 61, iter:   3,100, lr:3.851e-05> sigma_scale: 9.9809e-01 loss: 6.7747e-03 
26-08-19 17:01:24.610 - INFO: <epoch: 63, iter:   3,200, lr:3.841e-05> sigma_scale: 9.9777e-01 loss: 5.4231e-03 
26-08-19 17:01:53.848 - INFO: <epoch: 65, iter:   3,300, lr:3.831e-05> sigma_scale: 9.9640e-01 loss: 6.0861e-03 
26-08-19 17:02:23.697 - INFO: <epoch: 67, iter:   3,400, lr:3.821e-05> sigma_scale: 9.9839e-01 loss: 4.0483e-03 
26-08-19 17:02:52.639 - INFO: <epoch: 69, iter:   3,500, lr:3.810e-05> sigma_scale: 9.9874e-01 loss: 2.6631e-04 
26-08-19 17:03:22.962 - INFO: <epoch: 71, iter:   3,600, lr:3.799e-05> sigma_scale: 9.9686e-01 loss: 4.5556e-03 
26-08-19 17:03:51.801 - INFO: <epoch: 73, iter:   3,700, lr:3.788e-05> sigma_scale: 9.9648e-01 loss: 4.5199e-03 
26-08-19 17:04:21.788 - INFO: <epoch: 75, iter:   3,800, lr:3.777e-05> sigma_scale: 9.9883e-01 loss: 3.9964e-03 
26-08-19 17:04:51.048 - INFO: <epoch: 77, iter:   3,900, lr:3.765e-05> sigma_scale: 9.9845e-01 loss: 4.9115e-03 
26-08-19 17:05:21.049 - INFO: <epoch: 79, iter:   4,000, lr:3.753e-05> sigma_scale: 9.9812e-01 loss: 8.8145e-03 
26-08-19 17:05:50.133 - INFO: <epoch: 81, iter:   4,100, lr:3.741e-05> sigma_scale: 9.9962e-01 loss: 3.2389e-03 
26-08-19 17:06:19.888 - INFO: <epoch: 83, iter:   4,200, lr:3.729e-05> sigma_scale: 9.9869e-01 loss: 2.1407e-03 
26-08-19 17:06:49.974 - INFO: <epoch: 85, iter:   4,300, lr:3.716e-05> sigma_scale: 9.9745e-01 loss: 4.1548e-03 
26-08-19 17:07:19.253 - INFO: <epoch: 87, iter:   4,400, lr:3.703e-05> sigma_scale: 9.9647e-01 loss: 2.2265e-04 
26-08-19 17:07:49.000 - INFO: <epoch: 89, iter:   4,500, lr:3.689e-05> sigma_scale: 9.9840e-01 loss: 3.9424e-03 
26-08-19 17:08:18.781 - INFO: <epoch: 91, iter:   4,600, lr:3.676e-05> sigma_scale: 9.9891e-01 loss: 2.9556e-04 
26-08-19 17:08:49.554 - INFO: <epoch: 93, iter:   4,700, lr:3.662e-05> sigma_scale: 9.9750e-01 loss: 4.5511e-03 
26-08-19 17:09:19.772 - INFO: <epoch: 95, iter:   4,800, lr:3.648e-05> sigma_scale: 9.9760e-01 loss: 2.9587e-03 
26-08-19 17:09:49.198 - INFO: <epoch: 97, iter:   4,900, lr:3.634e-05> sigma_scale: 9.9848e-01 loss: 4.0967e-03 
26-08-19 17:10:18.008 - INFO: <epoch: 99, iter:   5,000, lr:3.619e-05> sigma_scale: 9.9884e-01 loss: 3.1386e-04 
26-08-19 17:27:42.075 - INFO: # Validation # PSNR: 28.591823, Best PSNR: 28.591823| Iter: 5000
26-08-19 17:27:42.076 - INFO: Saving models and training states.
26-08-19 17:28:24.211 - INFO: <epoch:101, iter:   5,100, lr:3.604e-05> sigma_scale: 9.9903e-01 loss: 1.0235e-03 
26-08-19 17:28:53.939 - INFO: <epoch:103, iter:   5,200, lr:3.589e-05> sigma_scale: 9.9854e-01 loss: 4.9321e-03 
26-08-19 17:29:24.276 - INFO: <epoch:105, iter:   5,300, lr:3.574e-05> sigma_scale: 9.9830e-01 loss: 3.7956e-03 
26-08-19 17:29:54.010 - INFO: <epoch:107, iter:   5,400, lr:3.558e-05> sigma_scale: 9.9808e-01 loss: 4.0807e-03 
26-08-19 17:30:23.453 - INFO: <epoch:109, iter:   5,500, lr:3.542e-05> sigma_scale: 9.9705e-01 loss: 3.1341e-03 
26-08-19 17:30:52.428 - INFO: <epoch:111, iter:   5,600, lr:3.526e-05> sigma_scale: 9.9804e-01 loss: 2.4880e-03 
26-08-19 17:31:22.506 - INFO: <epoch:113, iter:   5,700, lr:3.510e-05> sigma_scale: 9.9943e-01 loss: 2.5833e-03 
26-08-19 17:31:52.189 - INFO: <epoch:115, iter:   5,800, lr:3.493e-05> sigma_scale: 9.9871e-01 loss: 4.4253e-03 
26-08-19 17:32:21.936 - INFO: <epoch:117, iter:   5,900, lr:3.476e-05> sigma_scale: 9.9784e-01 loss: 4.4576e-03 
26-08-19 17:32:51.784 - INFO: <epoch:119, iter:   6,000, lr:3.459e-05> sigma_scale: 9.9822e-01 loss: 4.2597e-03 
26-08-19 17:33:21.288 - INFO: <epoch:121, iter:   6,100, lr:3.442e-05> sigma_scale: 9.9839e-01 loss: 1.6683e-03 
26-08-19 17:33:50.753 - INFO: <epoch:123, iter:   6,200, lr:3.425e-05> sigma_scale: 9.9870e-01 loss: 5.8090e-03 
26-08-19 17:34:20.620 - INFO: <epoch:125, iter:   6,300, lr:3.407e-05> sigma_scale: 9.9909e-01 loss: 4.5830e-03 
26-08-19 17:34:50.264 - INFO: <epoch:127, iter:   6,400, lr:3.389e-05> sigma_scale: 9.9794e-01 loss: 3.7012e-03 
26-08-19 17:35:19.429 - INFO: <epoch:129, iter:   6,500, lr:3.371e-05> sigma_scale: 9.9922e-01 loss: 2.7099e-04 
26-08-19 17:35:49.170 - INFO: <epoch:131, iter:   6,600, lr:3.352e-05> sigma_scale: 9.9944e-01 loss: 5.9081e-03 
26-08-19 17:36:19.004 - INFO: <epoch:133, iter:   6,700, lr:3.334e-05> sigma_scale: 9.9916e-01 loss: 4.7576e-03 
26-08-19 17:36:48.750 - INFO: <epoch:135, iter:   6,800, lr:3.315e-05> sigma_scale: 9.9824e-01 loss: 5.6618e-03 
26-08-19 17:37:18.082 - INFO: <epoch:137, iter:   6,900, lr:3.296e-05> sigma_scale: 9.9782e-01 loss: 3.1512e-03 
26-08-19 17:37:47.378 - INFO: <epoch:139, iter:   7,000, lr:3.277e-05> sigma_scale: 9.9807e-01 loss: 1.4235e-04 
26-08-19 17:38:16.413 - INFO: <epoch:141, iter:   7,100, lr:3.257e-05> sigma_scale: 9.9806e-01 loss: 1.6957e-04 
26-08-19 17:38:45.170 - INFO: <epoch:143, iter:   7,200, lr:3.238e-05> sigma_scale: 9.9798e-01 loss: 3.3957e-03 
26-08-19 17:39:15.068 - INFO: <epoch:145, iter:   7,300, lr:3.218e-05> sigma_scale: 9.9956e-01 loss: 1.8459e-04 
26-08-19 17:39:46.517 - INFO: <epoch:147, iter:   7,400, lr:3.198e-05> sigma_scale: 9.9926e-01 loss: 4.4539e-03 
26-08-19 17:40:17.320 - INFO: <epoch:149, iter:   7,500, lr:3.178e-05> sigma_scale: 9.9868e-01 loss: 4.3059e-03 
26-08-19 17:40:47.342 - INFO: <epoch:151, iter:   7,600, lr:3.157e-05> sigma_scale: 9.9806e-01 loss: 7.2774e-03 
26-08-19 17:41:17.812 - INFO: <epoch:153, iter:   7,700, lr:3.137e-05> sigma_scale: 9.9772e-01 loss: 3.9053e-03 
26-08-19 17:41:48.409 - INFO: <epoch:155, iter:   7,800, lr:3.116e-05> sigma_scale: 9.9863e-01 loss: 1.8066e-04 
26-08-19 17:42:18.000 - INFO: <epoch:157, iter:   7,900, lr:3.095e-05> sigma_scale: 9.9968e-01 loss: 3.2359e-03 
26-08-19 17:42:47.346 - INFO: <epoch:159, iter:   8,000, lr:3.074e-05> sigma_scale: 9.9944e-01 loss: 3.1997e-03 
26-08-19 17:43:17.671 - INFO: <epoch:161, iter:   8,100, lr:3.053e-05> sigma_scale: 9.9829e-01 loss: 3.2197e-03 
26-08-19 17:43:47.322 - INFO: <epoch:163, iter:   8,200, lr:3.031e-05> sigma_scale: 9.9741e-01 loss: 3.9628e-03 
26-08-19 17:44:16.976 - INFO: <epoch:165, iter:   8,300, lr:3.010e-05> sigma_scale: 9.9810e-01 loss: 4.5102e-03 
26-08-19 17:44:46.538 - INFO: <epoch:167, iter:   8,400, lr:2.988e-05> sigma_scale: 9.9876e-01 loss: 3.6614e-03 
26-08-19 17:45:16.017 - INFO: <epoch:169, iter:   8,500, lr:2.966e-05> sigma_scale: 9.9931e-01 loss: 2.5707e-03 
26-08-19 17:45:46.439 - INFO: <epoch:171, iter:   8,600, lr:2.944e-05> sigma_scale: 9.9935e-01 loss: 2.7775e-03 
26-08-19 17:46:15.519 - INFO: <epoch:173, iter:   8,700, lr:2.922e-05> sigma_scale: 9.9835e-01 loss: 2.0604e-03 
26-08-19 17:46:44.812 - INFO: <epoch:175, iter:   8,800, lr:2.900e-05> sigma_scale: 9.9837e-01 loss: 4.8143e-03 
26-08-19 17:47:14.687 - INFO: <epoch:177, iter:   8,900, lr:2.877e-05> sigma_scale: 9.9974e-01 loss: 3.4959e-03 
26-08-19 17:47:44.828 - INFO: <epoch:179, iter:   9,000, lr:2.854e-05> sigma_scale: 9.9913e-01 loss: 2.6535e-03 
26-08-19 17:48:14.248 - INFO: <epoch:181, iter:   9,100, lr:2.832e-05> sigma_scale: 9.9939e-01 loss: 1.9950e-04 
26-08-19 17:48:43.662 - INFO: <epoch:183, iter:   9,200, lr:2.809e-05> sigma_scale: 9.9887e-01 loss: 1.6658e-03 
26-08-19 17:49:12.622 - INFO: <epoch:185, iter:   9,300, lr:2.786e-05> sigma_scale: 9.9854e-01 loss: 4.6640e-03 
26-08-19 17:49:42.739 - INFO: <epoch:187, iter:   9,400, lr:2.763e-05> sigma_scale: 9.9867e-01 loss: 2.2714e-03 
26-08-19 17:50:12.500 - INFO: <epoch:189, iter:   9,500, lr:2.739e-05> sigma_scale: 9.9943e-01 loss: 2.7422e-03 
26-08-19 17:50:41.459 - INFO: <epoch:191, iter:   9,600, lr:2.716e-05> sigma_scale: 9.9922e-01 loss: 2.6103e-03 
26-08-19 17:51:11.057 - INFO: <epoch:193, iter:   9,700, lr:2.693e-05> sigma_scale: 9.9856e-01 loss: 3.0115e-03 
26-08-19 17:51:41.666 - INFO: <epoch:195, iter:   9,800, lr:2.669e-05> sigma_scale: 9.9907e-01 loss: 3.5513e-03 
26-08-19 17:52:10.655 - INFO: <epoch:197, iter:   9,900, lr:2.645e-05> sigma_scale: 9.9990e-01 loss: 3.4589e-03 
26-08-19 17:52:40.721 - INFO: <epoch:199, iter:  10,000, lr:2.621e-05> sigma_scale: 9.9882e-01 loss: 5.3438e-03 
26-08-19 18:10:17.190 - INFO: # Validation # PSNR: 31.857537, Best PSNR: 31.857537| Iter: 10000
26-08-19 18:10:17.191 - INFO: Saving models and training states.
26-08-19 18:10:57.213 - INFO: <epoch:201, iter:  10,100, lr:2.598e-05> sigma_scale: 9.9872e-01 loss: 5.2220e-03 
26-08-19 18:11:27.140 - INFO: <epoch:203, iter:  10,200, lr:2.574e-05> sigma_scale: 9.9895e-01 loss: 2.9612e-03 
26-08-19 18:11:56.534 - INFO: <epoch:205, iter:  10,300, lr:2.550e-05> sigma_scale: 9.9908e-01 loss: 2.8097e-03 
26-08-19 18:12:26.825 - INFO: <epoch:207, iter:  10,400, lr:2.525e-05> sigma_scale: 9.9914e-01 loss: 2.7086e-03 
26-08-19 18:12:56.938 - INFO: <epoch:209, iter:  10,500, lr:2.501e-05> sigma_scale: 9.9928e-01 loss: 8.1320e-03 
26-08-19 18:13:26.826 - INFO: <epoch:211, iter:  10,600, lr:2.477e-05> sigma_scale: 9.9931e-01 loss: 5.2756e-03 
26-08-19 18:13:57.004 - INFO: <epoch:213, iter:  10,700, lr:2.452e-05> sigma_scale: 9.9962e-01 loss: 2.1073e-03 
26-08-19 18:14:28.021 - INFO: <epoch:215, iter:  10,800, lr:2.428e-05> sigma_scale: 9.9936e-01 loss: 1.2770e-03 
26-08-19 18:14:58.297 - INFO: <epoch:217, iter:  10,900, lr:2.403e-05> sigma_scale: 9.9899e-01 loss: 9.7472e-04 
26-08-19 18:15:28.228 - INFO: <epoch:219, iter:  11,000, lr:2.379e-05> sigma_scale: 9.9845e-01 loss: 2.3961e-03 
26-08-19 18:15:58.521 - INFO: <epoch:221, iter:  11,100, lr:2.354e-05> sigma_scale: 9.9895e-01 loss: 3.7662e-03 
26-08-19 18:16:27.462 - INFO: <epoch:223, iter:  11,200, lr:2.329e-05> sigma_scale: 9.9926e-01 loss: 4.2762e-03 
26-08-19 18:16:57.205 - INFO: <epoch:225, iter:  11,300, lr:2.305e-05> sigma_scale: 9.9965e-01 loss: 3.1818e-03 
26-08-19 18:17:27.888 - INFO: <epoch:227, iter:  11,400, lr:2.280e-05> sigma_scale: 9.9940e-01 loss: 2.6658e-03 
26-08-19 18:17:57.812 - INFO: <epoch:229, iter:  11,500, lr:2.255e-05> sigma_scale: 9.9882e-01 loss: 2.4365e-03 
26-08-19 18:18:27.825 - INFO: <epoch:231, iter:  11,600, lr:2.230e-05> sigma_scale: 9.9838e-01 loss: 4.8695e-03 
26-08-19 18:18:58.102 - INFO: <epoch:233, iter:  11,700, lr:2.205e-05> sigma_scale: 9.9894e-01 loss: 1.3713e-04 
26-08-19 18:19:28.829 - INFO: <epoch:235, iter:  11,800, lr:2.180e-05> sigma_scale: 9.9909e-01 loss: 3.2181e-03 
26-08-19 18:20:00.274 - INFO: <epoch:237, iter:  11,900, lr:2.155e-05> sigma_scale: 9.9895e-01 loss: 1.6043e-03 
26-08-19 18:20:31.219 - INFO: <epoch:239, iter:  12,000, lr:2.130e-05> sigma_scale: 9.9936e-01 loss: 2.6713e-03 
26-08-19 18:21:01.454 - INFO: <epoch:241, iter:  12,100, lr:2.105e-05> sigma_scale: 9.9950e-01 loss: 1.3193e-03 
26-08-19 18:21:30.669 - INFO: <epoch:243, iter:  12,200, lr:2.080e-05> sigma_scale: 9.9941e-01 loss: 4.2161e-03 
26-08-19 18:22:00.892 - INFO: <epoch:245, iter:  12,300, lr:2.055e-05> sigma_scale: 9.9972e-01 loss: 1.6129e-03 
26-08-19 18:22:30.766 - INFO: <epoch:247, iter:  12,400, lr:2.030e-05> sigma_scale: 9.9943e-01 loss: 2.0947e-03 
26-08-19 18:23:01.415 - INFO: <epoch:249, iter:  12,500, lr:2.005e-05> sigma_scale: 9.9930e-01 loss: 2.1297e-03 
26-08-19 18:23:32.175 - INFO: <epoch:251, iter:  12,600, lr:1.980e-05> sigma_scale: 9.9918e-01 loss: 4.2103e-03 
26-08-19 18:24:01.757 - INFO: <epoch:253, iter:  12,700, lr:1.955e-05> sigma_scale: 9.9896e-01 loss: 5.3697e-03 
26-08-19 18:24:31.854 - INFO: <epoch:255, iter:  12,800, lr:1.930e-05> sigma_scale: 9.9953e-01 loss: 3.2069e-03 
26-08-19 18:25:01.126 - INFO: <epoch:257, iter:  12,900, lr:1.905e-05> sigma_scale: 9.9947e-01 loss: 2.7193e-03 
26-08-19 18:25:30.921 - INFO: <epoch:259, iter:  13,000, lr:1.880e-05> sigma_scale: 9.9992e-01 loss: 2.6720e-03 
26-08-19 18:25:59.822 - INFO: <epoch:261, iter:  13,100, lr:1.855e-05> sigma_scale: 9.9967e-01 loss: 1.1121e-03 
26-08-19 18:26:29.601 - INFO: <epoch:263, iter:  13,200, lr:1.830e-05> sigma_scale: 9.9968e-01 loss: 3.5037e-03 
26-08-19 18:27:00.219 - INFO: <epoch:265, iter:  13,300, lr:1.805e-05> sigma_scale: 9.9863e-01 loss: 1.4845e-04 
26-08-19 18:27:30.368 - INFO: <epoch:267, iter:  13,400, lr:1.780e-05> sigma_scale: 9.9925e-01 loss: 2.7411e-03 
26-08-19 18:28:01.760 - INFO: <epoch:269, iter:  13,500, lr:1.755e-05> sigma_scale: 9.9976e-01 loss: 2.0850e-03 
26-08-19 18:28:31.277 - INFO: <epoch:271, iter:  13,600, lr:1.730e-05> sigma_scale: 9.9937e-01 loss: 4.9046e-03 
26-08-19 18:29:00.549 - INFO: <epoch:273, iter:  13,700, lr:1.705e-05> sigma_scale: 9.9912e-01 loss: 1.1231e-04 
26-08-19 18:29:30.023 - INFO: <epoch:275, iter:  13,800, lr:1.681e-05> sigma_scale: 9.9914e-01 loss: 3.6940e-03 
26-08-19 18:30:00.139 - INFO: <epoch:277, iter:  13,900, lr:1.656e-05> sigma_scale: 9.9902e-01 loss: 3.3998e-03 
26-08-19 18:30:30.336 - INFO: <epoch:279, iter:  14,000, lr:1.631e-05> sigma_scale: 9.9939e-01 loss: 2.7733e-03 
26-08-19 18:30:58.392 - INFO: <epoch:281, iter:  14,100, lr:1.607e-05> sigma_scale: 9.9915e-01 loss: 7.7648e-04 
26-08-19 18:31:28.195 - INFO: <epoch:283, iter:  14,200, lr:1.582e-05> sigma_scale: 9.9913e-01 loss: 1.6074e-03 
26-08-19 18:31:56.950 - INFO: <epoch:285, iter:  14,300, lr:1.558e-05> sigma_scale: 9.9954e-01 loss: 2.3002e-03 
26-08-19 18:32:26.934 - INFO: <epoch:287, iter:  14,400, lr:1.533e-05> sigma_scale: 9.9959e-01 loss: 1.1513e-03 
26-08-19 18:32:56.467 - INFO: <epoch:289, iter:  14,500, lr:1.509e-05> sigma_scale: 9.9946e-01 loss: 2.5612e-03 
26-08-19 18:33:25.871 - INFO: <epoch:291, iter:  14,600, lr:1.485e-05> sigma_scale: 9.9909e-01 loss: 2.0845e-03 
26-08-19 18:33:55.255 - INFO: <epoch:293, iter:  14,700, lr:1.460e-05> sigma_scale: 9.9962e-01 loss: 3.3602e-03 
26-08-19 18:34:24.892 - INFO: <epoch:295, iter:  14,800, lr:1.436e-05> sigma_scale: 9.9952e-01 loss: 3.1066e-03 
26-08-19 18:34:54.827 - INFO: <epoch:297, iter:  14,900, lr:1.412e-05> sigma_scale: 9.9934e-01 loss: 2.3989e-03 
26-08-19 18:35:24.399 - INFO: <epoch:299, iter:  15,000, lr:1.389e-05> sigma_scale: 9.9938e-01 loss: 1.6453e-03 
26-08-19 18:53:02.383 - INFO: # Validation # PSNR: 32.605083, Best PSNR: 32.605083| Iter: 15000
26-08-19 18:53:02.383 - INFO: Saving models and training states.
26-08-19 18:53:44.974 - INFO: <epoch:301, iter:  15,100, lr:1.365e-05> sigma_scale: 9.9962e-01 loss: 2.0330e-04 
26-08-19 18:54:15.309 - INFO: <epoch:303, iter:  15,200, lr:1.341e-05> sigma_scale: 1.0000e+00 loss: 1.4284e-04 
26-08-19 18:54:45.236 - INFO: <epoch:305, iter:  15,300, lr:1.317e-05> sigma_scale: 9.9973e-01 loss: 2.8739e-03 
26-08-19 18:55:15.684 - INFO: <epoch:307, iter:  15,400, lr:1.294e-05> sigma_scale: 9.9920e-01 loss: 1.6262e-03 
26-08-19 18:55:45.639 - INFO: <epoch:309, iter:  15,500, lr:1.271e-05> sigma_scale: 9.9913e-01 loss: 2.4693e-03 
26-08-19 18:56:15.778 - INFO: <epoch:311, iter:  15,600, lr:1.247e-05> sigma_scale: 9.9959e-01 loss: 3.8128e-03 
26-08-19 18:56:45.180 - INFO: <epoch:313, iter:  15,700, lr:1.224e-05> sigma_scale: 9.9968e-01 loss: 6.2551e-05 
26-08-19 18:57:15.298 - INFO: <epoch:315, iter:  15,800, lr:1.201e-05> sigma_scale: 9.9988e-01 loss: 1.9834e-03 
26-08-19 18:57:45.786 - INFO: <epoch:317, iter:  15,900, lr:1.178e-05> sigma_scale: 9.9989e-01 loss: 2.6672e-03 
26-08-19 18:58:17.134 - INFO: <epoch:319, iter:  16,000, lr:1.156e-05> sigma_scale: 9.9936e-01 loss: 2.7537e-03 
26-08-19 18:58:47.994 - INFO: <epoch:321, iter:  16,100, lr:1.133e-05> sigma_scale: 9.9936e-01 loss: 2.3108e-03 
26-08-19 18:59:18.606 - INFO: <epoch:323, iter:  16,200, lr:1.110e-05> sigma_scale: 9.9892e-01 loss: 2.2730e-03 
26-08-19 18:59:48.168 - INFO: <epoch:325, iter:  16,300, lr:1.088e-05> sigma_scale: 9.9933e-01 loss: 2.6032e-03 
26-08-19 19:00:18.559 - INFO: <epoch:327, iter:  16,400, lr:1.066e-05> sigma_scale: 9.9928e-01 loss: 1.3202e-04 
26-08-19 19:00:48.542 - INFO: <epoch:329, iter:  16,500, lr:1.044e-05> sigma_scale: 9.9955e-01 loss: 1.7911e-03 
26-08-19 19:01:19.268 - INFO: <epoch:331, iter:  16,600, lr:1.022e-05> sigma_scale: 9.9960e-01 loss: 2.5362e-03 
26-08-19 19:01:49.357 - INFO: <epoch:333, iter:  16,700, lr:1.000e-05> sigma_scale: 9.9979e-01 loss: 2.7070e-03 
26-08-19 19:02:20.022 - INFO: <epoch:335, iter:  16,800, lr:9.787e-06> sigma_scale: 9.9959e-01 loss: 1.4352e-03 
26-08-19 19:02:50.890 - INFO: <epoch:337, iter:  16,900, lr:9.573e-06> sigma_scale: 9.9960e-01 loss: 9.6749e-05 
26-08-19 19:03:21.785 - INFO: <epoch:339, iter:  17,000, lr:9.360e-06> sigma_scale: 9.9971e-01 loss: 3.5770e-03 
26-08-19 19:03:51.931 - INFO: <epoch:341, iter:  17,100, lr:9.149e-06> sigma_scale: 9.9973e-01 loss: 1.7516e-03 
26-08-19 19:04:21.839 - INFO: <epoch:343, iter:  17,200, lr:8.940e-06> sigma_scale: 9.9950e-01 loss: 4.7052e-03 
26-08-19 19:04:52.116 - INFO: <epoch:345, iter:  17,300, lr:8.733e-06> sigma_scale: 9.9971e-01 loss: 2.4557e-03 
26-08-19 19:05:22.479 - INFO: <epoch:347, iter:  17,400, lr:8.527e-06> sigma_scale: 9.9983e-01 loss: 1.5667e-03 
26-08-19 19:05:53.559 - INFO: <epoch:349, iter:  17,500, lr:8.324e-06> sigma_scale: 9.9976e-01 loss: 1.9511e-03 
26-08-19 19:06:24.428 - INFO: <epoch:351, iter:  17,600, lr:8.122e-06> sigma_scale: 9.9970e-01 loss: 4.6710e-03 
26-08-19 19:06:54.110 - INFO: <epoch:353, iter:  17,700, lr:7.922e-06> sigma_scale: 1.0000e+00 loss: 1.4916e-03 
26-08-19 19:07:24.779 - INFO: <epoch:355, iter:  17,800, lr:7.724e-06> sigma_scale: 9.9992e-01 loss: 2.3901e-03 
26-08-19 19:07:54.397 - INFO: <epoch:357, iter:  17,900, lr:7.528e-06> sigma_scale: 9.9959e-01 loss: 2.3194e-03 
26-08-19 19:08:25.104 - INFO: <epoch:359, iter:  18,000, lr:7.333e-06> sigma_scale: 9.9940e-01 loss: 3.1191e-03 
26-08-19 19:08:55.382 - INFO: <epoch:361, iter:  18,100, lr:7.141e-06> sigma_scale: 9.9955e-01 loss: 1.1815e-03 
26-08-19 19:09:25.782 - INFO: <epoch:363, iter:  18,200, lr:6.951e-06> sigma_scale: 9.9957e-01 loss: 1.2619e-03 
26-08-19 19:09:55.012 - INFO: <epoch:365, iter:  18,300, lr:6.763e-06> sigma_scale: 9.9923e-01 loss: 1.2316e-04 
26-08-19 19:10:26.264 - INFO: <epoch:367, iter:  18,400, lr:6.577e-06> sigma_scale: 9.9927e-01 loss: 2.1643e-03 
26-08-19 19:10:57.366 - INFO: <epoch:369, iter:  18,500, lr:6.393e-06> sigma_scale: 9.9917e-01 loss: 1.8534e-03 
26-08-19 19:11:27.765 - INFO: <epoch:371, iter:  18,600, lr:6.212e-06> sigma_scale: 9.9923e-01 loss: 2.0074e-03 
26-08-19 19:11:57.747 - INFO: <epoch:373, iter:  18,700, lr:6.032e-06> sigma_scale: 9.9929e-01 loss: 1.7405e-03 
26-08-19 19:12:28.295 - INFO: <epoch:375, iter:  18,800, lr:5.855e-06> sigma_scale: 9.9942e-01 loss: 2.6010e-03 
26-08-19 19:12:59.326 - INFO: <epoch:377, iter:  18,900, lr:5.680e-06> sigma_scale: 9.9950e-01 loss: 9.7595e-04 
26-08-19 19:13:30.486 - INFO: <epoch:379, iter:  19,000, lr:5.507e-06> sigma_scale: 9.9946e-01 loss: 2.1298e-03 
26-08-19 19:14:01.762 - INFO: <epoch:381, iter:  19,100, lr:5.337e-06> sigma_scale: 9.9945e-01 loss: 4.0303e-03 
26-08-19 19:14:31.492 - INFO: <epoch:383, iter:  19,200, lr:5.168e-06> sigma_scale: 9.9945e-01 loss: 3.0864e-03 
26-08-19 19:15:02.111 - INFO: <epoch:385, iter:  19,300, lr:5.003e-06> sigma_scale: 9.9949e-01 loss: 2.7090e-03 
26-08-19 19:15:32.180 - INFO: <epoch:387, iter:  19,400, lr:4.839e-06> sigma_scale: 9.9945e-01 loss: 4.2076e-03 
26-08-19 19:16:02.517 - INFO: <epoch:389, iter:  19,500, lr:4.678e-06> sigma_scale: 9.9916e-01 loss: 3.8119e-03 
26-08-19 19:16:33.075 - INFO: <epoch:391, iter:  19,600, lr:4.520e-06> sigma_scale: 9.9926e-01 loss: 2.7094e-03 
26-08-19 19:17:03.029 - INFO: <epoch:393, iter:  19,700, lr:4.364e-06> sigma_scale: 9.9933e-01 loss: 2.0151e-03 
26-08-19 19:17:33.278 - INFO: <epoch:395, iter:  19,800, lr:4.210e-06> sigma_scale: 9.9939e-01 loss: 3.1826e-03 
26-08-19 19:18:03.601 - INFO: <epoch:397, iter:  19,900, lr:4.059e-06> sigma_scale: 9.9953e-01 loss: 1.1037e-03 
26-08-19 19:18:33.404 - INFO: <epoch:399, iter:  20,000, lr:3.910e-06> sigma_scale: 9.9946e-01 loss: 2.6716e-03 
26-08-19 19:36:07.083 - INFO: # Validation # PSNR: 33.400703, Best PSNR: 33.400703| Iter: 20000
26-08-19 19:36:07.084 - INFO: Saving models and training states.
26-08-19 19:36:49.143 - INFO: <epoch:401, iter:  20,100, lr:3.764e-06> sigma_scale: 9.9934e-01 loss: 3.3234e-03 
26-08-19 19:37:19.427 - INFO: <epoch:403, iter:  20,200, lr:3.621e-06> sigma_scale: 9.9937e-01 loss: 1.4651e-03 
26-08-19 19:37:49.962 - INFO: <epoch:405, iter:  20,300, lr:3.480e-06> sigma_scale: 9.9956e-01 loss: 3.2617e-03 
26-08-19 19:38:19.632 - INFO: <epoch:407, iter:  20,400, lr:3.341e-06> sigma_scale: 9.9959e-01 loss: 1.3933e-04 
26-08-19 19:38:49.533 - INFO: <epoch:409, iter:  20,500, lr:3.206e-06> sigma_scale: 9.9962e-01 loss: 2.6211e-03 
26-08-19 19:39:19.039 - INFO: <epoch:411, iter:  20,600, lr:3.073e-06> sigma_scale: 9.9967e-01 loss: 1.6563e-03 
26-08-19 19:39:49.567 - INFO: <epoch:413, iter:  20,700, lr:2.942e-06> sigma_scale: 9.9968e-01 loss: 2.6911e-03 
26-08-19 19:40:19.930 - INFO: <epoch:415, iter:  20,800, lr:2.815e-06> sigma_scale: 9.9961e-01 loss: 3.2244e-03 
26-08-19 19:40:50.221 - INFO: <epoch:417, iter:  20,900, lr:2.690e-06> sigma_scale: 9.9954e-01 loss: 1.9641e-03 
26-08-19 19:41:21.102 - INFO: <epoch:419, iter:  21,000, lr:2.568e-06> sigma_scale: 9.9952e-01 loss: 2.1808e-03 
26-08-19 19:41:52.069 - INFO: <epoch:421, iter:  21,100, lr:2.448e-06> sigma_scale: 9.9954e-01 loss: 1.1808e-04 
26-08-19 19:42:21.875 - INFO: <epoch:423, iter:  21,200, lr:2.332e-06> sigma_scale: 9.9975e-01 loss: 7.7164e-05 
26-08-19 19:42:52.057 - INFO: <epoch:425, iter:  21,300, lr:2.218e-06> sigma_scale: 9.9967e-01 loss: 1.1781e-04 
26-08-19 19:43:22.490 - INFO: <epoch:427, iter:  21,400, lr:2.107e-06> sigma_scale: 9.9955e-01 loss: 1.9469e-03 
26-08-19 19:43:52.316 - INFO: <epoch:429, iter:  21,500, lr:1.999e-06> sigma_scale: 9.9954e-01 loss: 1.8024e-03 
26-08-19 19:44:23.264 - INFO: <epoch:431, iter:  21,600, lr:1.893e-06> sigma_scale: 9.9960e-01 loss: 1.6095e-03 
26-08-19 19:44:53.589 - INFO: <epoch:433, iter:  21,700, lr:1.791e-06> sigma_scale: 9.9947e-01 loss: 1.7246e-03 
26-08-19 19:45:24.359 - INFO: <epoch:435, iter:  21,800, lr:1.691e-06> sigma_scale: 9.9956e-01 loss: 1.8342e-03 
26-08-19 19:45:54.960 - INFO: <epoch:437, iter:  21,900, lr:1.595e-06> sigma_scale: 9.9953e-01 loss: 2.4553e-03 
26-08-19 19:46:24.192 - INFO: <epoch:439, iter:  22,000, lr:1.501e-06> sigma_scale: 9.9944e-01 loss: 3.6710e-03 
26-08-19 19:46:54.166 - INFO: <epoch:441, iter:  22,100, lr:1.410e-06> sigma_scale: 9.9955e-01 loss: 2.8842e-03 
26-08-19 19:47:24.592 - INFO: <epoch:443, iter:  22,200, lr:1.322e-06> sigma_scale: 9.9962e-01 loss: 4.8728e-05 
26-08-19 19:47:55.182 - INFO: <epoch:445, iter:  22,300, lr:1.237e-06> sigma_scale: 9.9958e-01 loss: 2.3236e-03 
26-08-19 19:48:25.328 - INFO: <epoch:447, iter:  22,400, lr:1.155e-06> sigma_scale: 9.9946e-01 loss: 9.0599e-05 
26-08-19 19:48:55.925 - INFO: <epoch:449, iter:  22,500, lr:1.076e-06> sigma_scale: 9.9963e-01 loss: 2.5923e-03 
26-08-19 19:49:25.871 - INFO: <epoch:451, iter:  22,600, lr:1.000e-06> sigma_scale: 9.9959e-01 loss: 7.9554e-05 
26-08-19 19:49:56.098 - INFO: <epoch:453, iter:  22,700, lr:9.275e-07> sigma_scale: 9.9953e-01 loss: 5.4174e-05 
26-08-19 19:50:25.602 - INFO: <epoch:455, iter:  22,800, lr:8.575e-07> sigma_scale: 9.9963e-01 loss: 1.1488e-04 
26-08-19 19:50:55.874 - INFO: <epoch:457, iter:  22,900, lr:7.906e-07> sigma_scale: 9.9964e-01 loss: 3.0601e-03 
26-08-19 19:51:26.195 - INFO: <epoch:459, iter:  23,000, lr:7.268e-07> sigma_scale: 9.9972e-01 loss: 1.3577e-03 
26-08-19 19:51:56.310 - INFO: <epoch:461, iter:  23,100, lr:6.659e-07> sigma_scale: 9.9970e-01 loss: 2.3602e-03 
26-08-19 19:52:27.073 - INFO: <epoch:463, iter:  23,200, lr:6.082e-07> sigma_scale: 9.9962e-01 loss: 8.0990e-05 
26-08-19 19:52:57.253 - INFO: <epoch:465, iter:  23,300, lr:5.535e-07> sigma_scale: 9.9955e-01 loss: 8.5164e-05 
26-08-19 19:53:27.389 - INFO: <epoch:467, iter:  23,400, lr:5.019e-07> sigma_scale: 9.9969e-01 loss: 1.5382e-03 
26-08-19 19:53:57.291 - INFO: <epoch:469, iter:  23,500, lr:4.534e-07> sigma_scale: 9.9965e-01 loss: 9.0985e-04 
26-08-19 19:54:27.769 - INFO: <epoch:471, iter:  23,600, lr:4.079e-07> sigma_scale: 9.9959e-01 loss: 2.9816e-03 
26-08-19 19:54:57.816 - INFO: <epoch:473, iter:  23,700, lr:3.656e-07> sigma_scale: 9.9961e-01 loss: 3.2870e-03 
26-08-19 19:55:27.473 - INFO: <epoch:475, iter:  23,800, lr:3.264e-07> sigma_scale: 9.9962e-01 loss: 4.8429e-03 
26-08-19 19:55:57.575 - INFO: <epoch:477, iter:  23,900, lr:2.903e-07> sigma_scale: 9.9960e-01 loss: 3.0198e-03 
26-08-19 19:56:27.686 - INFO: <epoch:479, iter:  24,000, lr:2.573e-07> sigma_scale: 9.9959e-01 loss: 1.9206e-03 
26-08-19 19:56:56.765 - INFO: <epoch:481, iter:  24,100, lr:2.275e-07> sigma_scale: 9.9961e-01 loss: 2.8768e-03 
26-08-19 19:57:27.660 - INFO: <epoch:483, iter:  24,200, lr:2.007e-07> sigma_scale: 9.9964e-01 loss: 8.5353e-05 
26-08-19 19:57:57.722 - INFO: <epoch:485, iter:  24,300, lr:1.771e-07> sigma_scale: 9.9965e-01 loss: 1.8583e-03 
26-08-19 19:58:28.450 - INFO: <epoch:487, iter:  24,400, lr:1.567e-07> sigma_scale: 9.9942e-01 loss: 1.8045e-03 
26-08-19 19:58:58.935 - INFO: <epoch:489, iter:  24,500, lr:1.394e-07> sigma_scale: 9.9969e-01 loss: 5.8393e-05 
26-08-19 19:59:29.492 - INFO: <epoch:491, iter:  24,600, lr:1.252e-07> sigma_scale: 9.9972e-01 loss: 7.3160e-05 
26-08-19 20:00:00.537 - INFO: <epoch:493, iter:  24,700, lr:1.142e-07> sigma_scale: 9.9970e-01 loss: 2.5369e-03 
26-08-19 20:00:30.340 - INFO: <epoch:495, iter:  24,800, lr:1.063e-07> sigma_scale: 9.9965e-01 loss: 2.5141e-03 
26-08-19 20:01:00.572 - INFO: <epoch:497, iter:  24,900, lr:1.016e-07> sigma_scale: 9.9956e-01 loss: 2.0433e-03 
26-08-19 20:01:30.137 - INFO: <epoch:499, iter:  25,000, lr:1.000e-07> sigma_scale: 9.9962e-01 loss: 1.1689e-04 
26-08-19 20:18:53.183 - INFO: # Validation # PSNR: 33.586985, Best PSNR: 33.586985| Iter: 25000
26-08-19 20:18:53.184 - INFO: Saving models and training states.
26-08-19 20:19:05.023 - INFO: Saving the final model.
26-08-19 20:19:12.347 - INFO: End of Predictor and Corrector training.
