26-07-28 10:27:29.830 - INFO:   name: ReviveDiff_pearson
  use_tb_logger: True
  model: denoising
  distortion: adverse_weather
  gpu_ids: [0]
  sde:[
    max_sigma: 90
    T: 300
    schedule: cosine
    eps: 0.005
  ]
  degradation:[
    sigma: 25
    noise_type: G
    scale: 4
  ]
  datasets:[
    train:[
      name: Train_Dataset
      mode: LQGT
      dataroot_GT: datasets/rain100L/train/target
      dataroot_LQ: datasets/rain100L/train/input
      use_shuffle: True
      n_workers: 4
      batch_size: 4
      GT_size: 256
      LR_size: 256
      use_flip: True
      use_rot: True
      use_swap: False
      color: RGB
      phase: train
      scale: 1
      data_type: img
    ]
    val:[
      name: Val_Dataset
      mode: LQGT
      dataroot_GT: datasets/rain100L/test/target
      dataroot_LQ: datasets/rain100L/test/input
      phase: val
      scale: 1
      data_type: img
    ]
  ]
  network_G:[
    which_model_G: ConditionalNAFNet
    setting:[
      width: 64
      enc_blk_nums: [1, 1, 1, 28]
      middle_blk_num: 1
      dec_blk_nums: [1, 1, 1, 1]
    ]
  ]
  path:[
    pretrain_model_G: None
    strict_load: True
    resume_state: None
    root: /autodl-fs/data/ReviveDiff-sobel
    experiments_root: /autodl-fs/data/ReviveDiff-sobel/experiments/ReviveDiff/ReviveDiff_pearson
    models: /autodl-fs/data/ReviveDiff-sobel/experiments/ReviveDiff/ReviveDiff_pearson/models
    training_state: /autodl-fs/data/ReviveDiff-sobel/experiments/ReviveDiff/ReviveDiff_pearson/training_state
    log: /autodl-fs/data/ReviveDiff-sobel/experiments/ReviveDiff/ReviveDiff_pearson
    val_images: /autodl-fs/data/ReviveDiff-sobel/experiments/ReviveDiff/ReviveDiff_pearson/val_images
  ]
  train:[
    optimizer: Lion
    lr_G: 4e-05
    lr_scheme: TrueCosineAnnealingLR
    beta1: 0.9
    beta2: 0.99
    weight_decay_G: 0
    niter: 30000
    warmup_iter: -1
    lr_steps: [200000, 400000, 600000]
    lr_gamma: 0.5
    eta_min: 1e-07
    is_weighted: False
    loss_type: charbonnier
    weight: 1.0
    pearson_weight: 0.1
    edge_weight: 0.5
    hist_weight: 0.1
    freq_weight: 0.1
    manual_seed: 0
    val_freq: 5000.0
  ]
  logger:[
    print_freq: 100
    save_checkpoint_freq: 5000.0
  ]
  is_train: True
  dist: False

26-07-28 10:27:29.960 - INFO: Dataset [LQGTDataset - Train_Dataset] is created.
26-07-28 10:27:29.961 - INFO: Number of train images: 200, iters: 50
26-07-28 10:27:29.961 - INFO: Total epochs needed: 600 for iters 30,000
26-07-28 10:27:29.966 - INFO: Dataset [LQGTDataset - Val_Dataset] is created.
26-07-28 10:27:29.966 - INFO: Number of val images in [Val_Dataset]: 100
26-07-28 10:27:31.336 - INFO: Network G structure: DataParallel - ConditionalNAFNet, with parameters: 88,346,783
26-07-28 10:27:31.337 - INFO: ConditionalNAFNet(
  (time_mlp): Sequential(
    (0): SinusoidalPosEmb()
    (1): Linear(in_features=64, out_features=512, bias=True)
    (2): SimpleGate()
    (3): Linear(in_features=256, out_features=256, bias=True)
  )
  (intro): Conv2d(6, 64, kernel_size=(3, 3), stride=(1, 1), padding=(1, 1))
  (ending): Conv2d(64, 3, kernel_size=(3, 3), stride=(1, 1), padding=(1, 1))
  (encoders): ModuleList(
    (0): Sequential(
      (0): CFBlock(
        (mlp): Sequential(
          (0): SimpleGate()
          (1): Linear(in_features=128, out_features=256, bias=True)
        )
        (conv1): Conv2d(64, 128, kernel_size=(1, 1), stride=(1, 1))
        (conv2): Conv2d(128, 128, kernel_size=(3, 3), stride=(1, 1), padding=(1, 1), groups=128)
        (conv3): Conv2d(64, 64, kernel_size=(3, 3), stride=(1, 1), padding=(1, 1), groups=64)
        (dconv1): Sequential(
          (0): Conv2d(64, 64, kernel_size=(3, 3), stride=(1, 1), padding=(2, 2), dilation=(2, 2), groups=64)
          (1): GELU(approximate='none')
        )
        (dconv2): Sequential(
          (0): Conv2d(64, 64, kernel_size=(3, 3), stride=(1, 1), padding=(4, 4), dilation=(4, 4), groups=64)
          (1): GELU(approximate='none')
        )
        (dconv3): Sequential(
          (0): Conv2d(64, 64, kernel_size=(3, 3), stride=(1, 1), padding=(8, 8), dilation=(8, 8), groups=64)
          (1): GELU(approximate='none')
        )
        (sca): Sequential(
          (0): AdaptiveAvgPool2d(output_size=1)
          (1): Conv2d(64, 64, kernel_size=(1, 1), stride=(1, 1))
        )
        (sg): SimpleGate()
        (conv4): Conv2d(64, 128, kernel_size=(1, 1), stride=(1, 1))
        (conv5): Conv2d(64, 64, kernel_size=(1, 1), stride=(1, 1))
        (norm1): LayerNorm()
        (norm2): LayerNorm()
        (dropout1): Identity()
        (dropout2): Identity()
        (fusion): Fusion(
          (sa): SpatialAttention(
            (sa): Conv2d(2, 1, kernel_size=(7, 7), stride=(1, 1), padding=(3, 3), padding_mode=reflect)
          )
          (ca): ChannelAttention(
            (gap): AdaptiveAvgPool2d(output_size=1)
            (ca): Sequential(
              (0): Conv2d(64, 8, kernel_size=(1, 1), stride=(1, 1))
              (1): ReLU(inplace=True)
              (2): Conv2d(8, 64, kernel_size=(1, 1), stride=(1, 1))
            )
          )
          (pa): PA(
            (conv): Conv2d(64, 64, kernel_size=(1, 1), stride=(1, 1))
            (sigmoid): Sigmoid()
          )
          (conv): Conv2d(64, 64, kernel_size=(1, 1), stride=(1, 1))
          (sigmoid): Sigmoid()
        )
        (gelu): GELU(approximate='none')
      )
    )
    (1): Sequential(
      (0): CFBlock(
        (mlp): Sequential(
          (0): SimpleGate()
          (1): Linear(in_features=128, out_features=512, bias=True)
        )
        (conv1): Conv2d(128, 256, kernel_size=(1, 1), stride=(1, 1))
        (conv2): Conv2d(256, 256, kernel_size=(3, 3), stride=(1, 1), padding=(1, 1), groups=256)
        (conv3): Conv2d(128, 128, kernel_size=(3, 3), stride=(1, 1), padding=(1, 1), groups=128)
        (dconv1): Sequential(
          (0): Conv2d(128, 128, kernel_size=(3, 3), stride=(1, 1), padding=(2, 2), dilation=(2, 2), groups=128)
          (1): GELU(approximate='none')
        )
        (dconv2): Sequential(
          (0): Conv2d(128, 128, kernel_size=(3, 3), stride=(1, 1), padding=(4, 4), dilation=(4, 4), groups=128)
          (1): GELU(approximate='none')
        )
        (dconv3): Sequential(
          (0): Conv2d(128, 128, kernel_size=(3, 3), stride=(1, 1), padding=(8, 8), dilation=(8, 8), groups=128)
          (1): GELU(approximate='none')
        )
        (sca): Sequential(
          (0): AdaptiveAvgPool2d(output_size=1)
          (1): Conv2d(128, 128, kernel_size=(1, 1), stride=(1, 1))
        )
        (sg): SimpleGate()
        (conv4): Conv2d(128, 256, kernel_size=(1, 1), stride=(1, 1))
        (conv5): Conv2d(128, 128, kernel_size=(1, 1), stride=(1, 1))
        (norm1): LayerNorm()
        (norm2): LayerNorm()
        (dropout1): Identity()
        (dropout2): Identity()
        (fusion): Fusion(
          (sa): SpatialAttention(
            (sa): Conv2d(2, 1, kernel_size=(7, 7), stride=(1, 1), padding=(3, 3), padding_mode=reflect)
          )
          (ca): ChannelAttention(
            (gap): AdaptiveAvgPool2d(output_size=1)
            (ca): Sequential(
              (0): Conv2d(128, 16, kernel_size=(1, 1), stride=(1, 1))
              (1): ReLU(inplace=True)
              (2): Conv2d(16, 128, kernel_size=(1, 1), stride=(1, 1))
            )
          )
          (pa): PA(
            (conv): Conv2d(128, 128, kernel_size=(1, 1), stride=(1, 1))
            (sigmoid): Sigmoid()
          )
          (conv): Conv2d(128, 128, kernel_size=(1, 1), stride=(1, 1))
          (sigmoid): Sigmoid()
        )
        (gelu): GELU(approximate='none')
      )
    )
    (2): Sequential(
      (0): CFBlock(
        (mlp): Sequential(
          (0): SimpleGate()
          (1): Linear(in_features=128, out_features=1024, bias=True)
        )
        (conv1): Conv2d(256, 512, kernel_size=(1, 1), stride=(1, 1))
        (conv2): Conv2d(512, 512, kernel_size=(3, 3), stride=(1, 1), padding=(1, 1), groups=512)
        (conv3): Conv2d(256, 256, kernel_size=(3, 3), stride=(1, 1), padding=(1, 1), groups=256)
        (dconv1): Sequential(
          (0): Conv2d(256, 256, kernel_size=(3, 3), stride=(1, 1), padding=(2, 2), dilation=(2, 2), groups=256)
          (1): GELU(approximate='none')
        )
        (dconv2): Sequential(
          (0): Conv2d(256, 256, kernel_size=(3, 3), stride=(1, 1), padding=(4, 4), dilation=(4, 4), groups=256)
          (1): GELU(approximate='none')
        )
        (dconv3): Sequential(
          (0): Conv2d(256, 256, kernel_size=(3, 3), stride=(1, 1), padding=(8, 8), dilation=(8, 8), groups=256)
          (1): GELU(approximate='none')
        )
        (sca): Sequential(
          (0): AdaptiveAvgPool2d(output_size=1)
          (1): Conv2d(256, 256, kernel_size=(1, 1), stride=(1, 1))
        )
        (sg): SimpleGate()
        (conv4): Conv2d(256, 512, kernel_size=(1, 1), stride=(1, 1))
        (conv5): Conv2d(256, 256, kernel_size=(1, 1), stride=(1, 1))
        (norm1): LayerNorm()
        (norm2): LayerNorm()
        (dropout1): Identity()
        (dropout2): Identity()
        (fusion): Fusion(
          (sa): SpatialAttention(
            (sa): Conv2d(2, 1, kernel_size=(7, 7), stride=(1, 1), padding=(3, 3), padding_mode=reflect)
          )
          (ca): ChannelAttention(
            (gap): AdaptiveAvgPool2d(output_size=1)
            (ca): Sequential(
              (0): Conv2d(256, 32, kernel_size=(1, 1), stride=(1, 1))
              (1): ReLU(inplace=True)
              (2): Conv2d(32, 256, kernel_size=(1, 1), stride=(1, 1))
            )
          )
          (pa): PA(
            (conv): Conv2d(256, 256, kernel_size=(1, 1), stride=(1, 1))
            (sigmoid): Sigmoid()
          )
          (conv): Conv2d(256, 256, kernel_size=(1, 1), stride=(1, 1))
          (sigmoid): Sigmoid()
        )
        (gelu): GELU(approximate='none')
      )
    )
    (3): Sequential(
      (0): CFBlock(
        (mlp): Sequential(
          (0): SimpleGate()
          (1): Linear(in_features=128, out_features=2048, bias=True)
        )
        (conv1): Conv2d(512, 1024, kernel_size=(1, 1), stride=(1, 1))
        (conv2): Conv2d(1024, 1024, kernel_size=(3, 3), stride=(1, 1), padding=(1, 1), groups=1024)
        (conv3): Conv2d(512, 512, kernel_size=(3, 3), stride=(1, 1), padding=(1, 1), groups=512)
        (dconv1): Sequential(
          (0): Conv2d(512, 512, kernel_size=(3, 3), stride=(1, 1), padding=(2, 2), dilation=(2, 2), groups=512)
          (1): GELU(approximate='none')
        )
        (dconv2): Sequential(
          (0): Conv2d(512, 512, kernel_size=(3, 3), stride=(1, 1), padding=(4, 4), dilation=(4, 4), groups=512)
          (1): GELU(approximate='none')
        )
        (dconv3): Sequential(
          (0): Conv2d(512, 512, kernel_size=(3, 3), stride=(1, 1), padding=(8, 8), dilation=(8, 8), groups=512)
          (1): GELU(approximate='none')
        )
        (sca): Sequential(
          (0): AdaptiveAvgPool2d(output_size=1)
          (1): Conv2d(512, 512, kernel_size=(1, 1), stride=(1, 1))
        )
        (sg): SimpleGate()
        (conv4): Conv2d(512, 1024, kernel_size=(1, 1), stride=(1, 1))
        (conv5): Conv2d(512, 512, kernel_size=(1, 1), stride=(1, 1))
        (norm1): LayerNorm()
        (norm2): LayerNorm()
        (dropout1): Identity()
        (dropout2): Identity()
        (fusion): Fusion(
          (sa): SpatialAttention(
            (sa): Conv2d(2, 1, kernel_size=(7, 7), stride=(1, 1), padding=(3, 3), padding_mode=reflect)
          )
          (ca): ChannelAttention(
            (gap): AdaptiveAvgPool2d(output_size=1)
            (ca): Sequential(
              (0): Conv2d(512, 64, kernel_size=(1, 1), stride=(1, 1))
              (1): ReLU(inplace=True)
              (2): Conv2d(64, 512, kernel_size=(1, 1), stride=(1, 1))
            )
          )
          (pa): PA(
            (conv): Conv2d(512, 512, kernel_size=(1, 1), stride=(1, 1))
            (sigmoid): Sigmoid()
          )
          (conv): Conv2d(512, 512, kernel_size=(1, 1), stride=(1, 1))
          (sigmoid): Sigmoid()
        )
        (gelu): GELU(approximate='none')
      )
      (1): CFBlock(
        (mlp): Sequential(
          (0): SimpleGate()
          (1): Linear(in_features=128, out_features=2048, bias=True)
        )
        (conv1): Conv2d(512, 1024, kernel_size=(1, 1), stride=(1, 1))
        (conv2): Conv2d(1024, 1024, kernel_size=(3, 3), stride=(1, 1), padding=(1, 1), groups=1024)
        (conv3): Conv2d(512, 512, kernel_size=(3, 3), stride=(1, 1), padding=(1, 1), groups=512)
        (dconv1): Sequential(
          (0): Conv2d(512, 512, kernel_size=(3, 3), stride=(1, 1), padding=(2, 2), dilation=(2, 2), groups=512)
          (1): GELU(approximate='none')
        )
        (dconv2): Sequential(
          (0): Conv2d(512, 512, kernel_size=(3, 3), stride=(1, 1), padding=(4, 4), dilation=(4, 4), groups=512)
          (1): GELU(approximate='none')
        )
        (dconv3): Sequential(
          (0): Conv2d(512, 512, kernel_size=(3, 3), stride=(1, 1), padding=(8, 8), dilation=(8, 8), groups=512)
          (1): GELU(approximate='none')
        )
        (sca): Sequential(
          (0): AdaptiveAvgPool2d(output_size=1)
          (1): Conv2d(512, 512, kernel_size=(1, 1), stride=(1, 1))
        )
        (sg): SimpleGate()
        (conv4): Conv2d(512, 1024, kernel_size=(1, 1), stride=(1, 1))
        (conv5): Conv2d(512, 512, kernel_size=(1, 1), stride=(1, 1))
        (norm1): LayerNorm()
        (norm2): LayerNorm()
        (dropout1): Identity()
        (dropout2): Identity()
        (fusion): Fusion(
          (sa): SpatialAttention(
            (sa): Conv2d(2, 1, kernel_size=(7, 7), stride=(1, 1), padding=(3, 3), padding_mode=reflect)
          )
          (ca): ChannelAttention(
            (gap): AdaptiveAvgPool2d(output_size=1)
            (ca): Sequential(
              (0): Conv2d(512, 64, kernel_size=(1, 1), stride=(1, 1))
              (1): ReLU(inplace=True)
              (2): Conv2d(64, 512, kernel_size=(1, 1), stride=(1, 1))
            )
          )
          (pa): PA(
            (conv): Conv2d(512, 512, kernel_size=(1, 1), stride=(1, 1))
            (sigmoid): Sigmoid()
          )
          (conv): Conv2d(512, 512, kernel_size=(1, 1), stride=(1, 1))
          (sigmoid): Sigmoid()
        )
        (gelu): GELU(approximate='none')
      )
      (2): CFBlock(
        (mlp): Sequential(
          (0): SimpleGate()
          (1): Linear(in_features=128, out_features=2048, bias=True)
        )
        (conv1): Conv2d(512, 1024, kernel_size=(1, 1), stride=(1, 1))
        (conv2): Conv2d(1024, 1024, kernel_size=(3, 3), stride=(1, 1), padding=(1, 1), groups=1024)
        (conv3): Conv2d(512, 512, kernel_size=(3, 3), stride=(1, 1), padding=(1, 1), groups=512)
        (dconv1): Sequential(
          (0): Conv2d(512, 512, kernel_size=(3, 3), stride=(1, 1), padding=(2, 2), dilation=(2, 2), groups=512)
          (1): GELU(approximate='none')
        )
        (dconv2): Sequential(
          (0): Conv2d(512, 512, kernel_size=(3, 3), stride=(1, 1), padding=(4, 4), dilation=(4, 4), groups=512)
          (1): GELU(approximate='none')
        )
        (dconv3): Sequential(
          (0): Conv2d(512, 512, kernel_size=(3, 3), stride=(1, 1), padding=(8, 8), dilation=(8, 8), groups=512)
          (1): GELU(approximate='none')
        )
        (sca): Sequential(
          (0): AdaptiveAvgPool2d(output_size=1)
          (1): Conv2d(512, 512, kernel_size=(1, 1), stride=(1, 1))
        )
        (sg): SimpleGate()
        (conv4): Conv2d(512, 1024, kernel_size=(1, 1), stride=(1, 1))
        (conv5): Conv2d(512, 512, kernel_size=(1, 1), stride=(1, 1))
        (norm1): LayerNorm()
        (norm2): LayerNorm()
        (dropout1): Identity()
        (dropout2): Identity()
        (fusion): Fusion(
          (sa): SpatialAttention(
            (sa): Conv2d(2, 1, kernel_size=(7, 7), stride=(1, 1), padding=(3, 3), padding_mode=reflect)
          )
          (ca): ChannelAttention(
            (gap): AdaptiveAvgPool2d(output_size=1)
            (ca): Sequential(
              (0): Conv2d(512, 64, kernel_size=(1, 1), stride=(1, 1))
              (1): ReLU(inplace=True)
              (2): Conv2d(64, 512, kernel_size=(1, 1), stride=(1, 1))
            )
          )
          (pa): PA(
            (conv): Conv2d(512, 512, kernel_size=(1, 1), stride=(1, 1))
            (sigmoid): Sigmoid()
          )
          (conv): Conv2d(512, 512, kernel_size=(1, 1), stride=(1, 1))
          (sigmoid): Sigmoid()
        )
        (gelu): GELU(approximate='none')
      )
      (3): CFBlock(
        (mlp): Sequential(
          (0): SimpleGate()
          (1): Linear(in_features=128, out_features=2048, bias=True)
        )
        (conv1): Conv2d(512, 1024, kernel_size=(1, 1), stride=(1, 1))
        (conv2): Conv2d(1024, 1024, kernel_size=(3, 3), stride=(1, 1), padding=(1, 1), groups=1024)
        (conv3): Conv2d(512, 512, kernel_size=(3, 3), stride=(1, 1), padding=(1, 1), groups=512)
        (dconv1): Sequential(
          (0): Conv2d(512, 512, kernel_size=(3, 3), stride=(1, 1), padding=(2, 2), dilation=(2, 2), groups=512)
          (1): GELU(approximate='none')
        )
        (dconv2): Sequential(
          (0): Conv2d(512, 512, kernel_size=(3, 3), stride=(1, 1), padding=(4, 4), dilation=(4, 4), groups=512)
          (1): GELU(approximate='none')
        )
        (dconv3): Sequential(
          (0): Conv2d(512, 512, kernel_size=(3, 3), stride=(1, 1), padding=(8, 8), dilation=(8, 8), groups=512)
          (1): GELU(approximate='none')
        )
        (sca): Sequential(
          (0): AdaptiveAvgPool2d(output_size=1)
          (1): Conv2d(512, 512, kernel_size=(1, 1), stride=(1, 1))
        )
        (sg): SimpleGate()
        (conv4): Conv2d(512, 1024, kernel_size=(1, 1), stride=(1, 1))
        (conv5): Conv2d(512, 512, kernel_size=(1, 1), stride=(1, 1))
        (norm1): LayerNorm()
        (norm2): LayerNorm()
        (dropout1): Identity()
        (dropout2): Identity()
        (fusion): Fusion(
          (sa): SpatialAttention(
            (sa): Conv2d(2, 1, kernel_size=(7, 7), stride=(1, 1), padding=(3, 3), padding_mode=reflect)
          )
          (ca): ChannelAttention(
            (gap): AdaptiveAvgPool2d(output_size=1)
            (ca): Sequential(
              (0): Conv2d(512, 64, kernel_size=(1, 1), stride=(1, 1))
              (1): ReLU(inplace=True)
              (2): Conv2d(64, 512, kernel_size=(1, 1), stride=(1, 1))
            )
          )
          (pa): PA(
            (conv): Conv2d(512, 512, kernel_size=(1, 1), stride=(1, 1))
            (sigmoid): Sigmoid()
          )
          (conv): Conv2d(512, 512, kernel_size=(1, 1), stride=(1, 1))
          (sigmoid): Sigmoid()
        )
        (gelu): GELU(approximate='none')
      )
      (4): CFBlock(
        (mlp): Sequential(
          (0): SimpleGate()
          (1): Linear(in_features=128, out_features=2048, bias=True)
        )
        (conv1): Conv2d(512, 1024, kernel_size=(1, 1), stride=(1, 1))
        (conv2): Conv2d(1024, 1024, kernel_size=(3, 3), stride=(1, 1), padding=(1, 1), groups=1024)
        (conv3): Conv2d(512, 512, kernel_size=(3, 3), stride=(1, 1), padding=(1, 1), groups=512)
        (dconv1): Sequential(
          (0): Conv2d(512, 512, kernel_size=(3, 3), stride=(1, 1), padding=(2, 2), dilation=(2, 2), groups=512)
          (1): GELU(approximate='none')
        )
        (dconv2): Sequential(
          (0): Conv2d(512, 512, kernel_size=(3, 3), stride=(1, 1), padding=(4, 4), dilation=(4, 4), groups=512)
          (1): GELU(approximate='none')
        )
        (dconv3): Sequential(
          (0): Conv2d(512, 512, kernel_size=(3, 3), stride=(1, 1), padding=(8, 8), dilation=(8, 8), groups=512)
          (1): GELU(approximate='none')
        )
        (sca): Sequential(
          (0): AdaptiveAvgPool2d(output_size=1)
          (1): Conv2d(512, 512, kernel_size=(1, 1), stride=(1, 1))
        )
        (sg): SimpleGate()
        (conv4): Conv2d(512, 1024, kernel_size=(1, 1), stride=(1, 1))
        (conv5): Conv2d(512, 512, kernel_size=(1, 1), stride=(1, 1))
        (norm1): LayerNorm()
        (norm2): LayerNorm()
        (dropout1): Identity()
        (dropout2): Identity()
        (fusion): Fusion(
          (sa): SpatialAttention(
            (sa): Conv2d(2, 1, kernel_size=(7, 7), stride=(1, 1), padding=(3, 3), padding_mode=reflect)
          )
          (ca): ChannelAttention(
            (gap): AdaptiveAvgPool2d(output_size=1)
            (ca): Sequential(
              (0): Conv2d(512, 64, kernel_size=(1, 1), stride=(1, 1))
              (1): ReLU(inplace=True)
              (2): Conv2d(64, 512, kernel_size=(1, 1), stride=(1, 1))
            )
          )
          (pa): PA(
            (conv): Conv2d(512, 512, kernel_size=(1, 1), stride=(1, 1))
            (sigmoid): Sigmoid()
          )
          (conv): Conv2d(512, 512, kernel_size=(1, 1), stride=(1, 1))
          (sigmoid): Sigmoid()
        )
        (gelu): GELU(approximate='none')
      )
      (5): CFBlock(
        (mlp): Sequential(
          (0): SimpleGate()
          (1): Linear(in_features=128, out_features=2048, bias=True)
        )
        (conv1): Conv2d(512, 1024, kernel_size=(1, 1), stride=(1, 1))
        (conv2): Conv2d(1024, 1024, kernel_size=(3, 3), stride=(1, 1), padding=(1, 1), groups=1024)
        (conv3): Conv2d(512, 512, kernel_size=(3, 3), stride=(1, 1), padding=(1, 1), groups=512)
        (dconv1): Sequential(
          (0): Conv2d(512, 512, kernel_size=(3, 3), stride=(1, 1), padding=(2, 2), dilation=(2, 2), groups=512)
          (1): GELU(approximate='none')
        )
        (dconv2): Sequential(
          (0): Conv2d(512, 512, kernel_size=(3, 3), stride=(1, 1), padding=(4, 4), dilation=(4, 4), groups=512)
          (1): GELU(approximate='none')
        )
        (dconv3): Sequential(
          (0): Conv2d(512, 512, kernel_size=(3, 3), stride=(1, 1), padding=(8, 8), dilation=(8, 8), groups=512)
          (1): GELU(approximate='none')
        )
        (sca): Sequential(
          (0): AdaptiveAvgPool2d(output_size=1)
          (1): Conv2d(512, 512, kernel_size=(1, 1), stride=(1, 1))
        )
        (sg): SimpleGate()
        (conv4): Conv2d(512, 1024, kernel_size=(1, 1), stride=(1, 1))
        (conv5): Conv2d(512, 512, kernel_size=(1, 1), stride=(1, 1))
        (norm1): LayerNorm()
        (norm2): LayerNorm()
        (dropout1): Identity()
        (dropout2): Identity()
        (fusion): Fusion(
          (sa): SpatialAttention(
            (sa): Conv2d(2, 1, kernel_size=(7, 7), stride=(1, 1), padding=(3, 3), padding_mode=reflect)
          )
          (ca): ChannelAttention(
            (gap): AdaptiveAvgPool2d(output_size=1)
            (ca): Sequential(
              (0): Conv2d(512, 64, kernel_size=(1, 1), stride=(1, 1))
              (1): ReLU(inplace=True)
              (2): Conv2d(64, 512, kernel_size=(1, 1), stride=(1, 1))
            )
          )
          (pa): PA(
            (conv): Conv2d(512, 512, kernel_size=(1, 1), stride=(1, 1))
            (sigmoid): Sigmoid()
          )
          (conv): Conv2d(512, 512, kernel_size=(1, 1), stride=(1, 1))
          (sigmoid): Sigmoid()
        )
        (gelu): GELU(approximate='none')
      )
      (6): CFBlock(
        (mlp): Sequential(
          (0): SimpleGate()
          (1): Linear(in_features=128, out_features=2048, bias=True)
        )
        (conv1): Conv2d(512, 1024, kernel_size=(1, 1), stride=(1, 1))
        (conv2): Conv2d(1024, 1024, kernel_size=(3, 3), stride=(1, 1), padding=(1, 1), groups=1024)
        (conv3): Conv2d(512, 512, kernel_size=(3, 3), stride=(1, 1), padding=(1, 1), groups=512)
        (dconv1): Sequential(
          (0): Conv2d(512, 512, kernel_size=(3, 3), stride=(1, 1), padding=(2, 2), dilation=(2, 2), groups=512)
          (1): GELU(approximate='none')
        )
        (dconv2): Sequential(
          (0): Conv2d(512, 512, kernel_size=(3, 3), stride=(1, 1), padding=(4, 4), dilation=(4, 4), groups=512)
          (1): GELU(approximate='none')
        )
        (dconv3): Sequential(
          (0): Conv2d(512, 512, kernel_size=(3, 3), stride=(1, 1), padding=(8, 8), dilation=(8, 8), groups=512)
          (1): GELU(approximate='none')
        )
        (sca): Sequential(
          (0): AdaptiveAvgPool2d(output_size=1)
          (1): Conv2d(512, 512, kernel_size=(1, 1), stride=(1, 1))
        )
        (sg): SimpleGate()
        (conv4): Conv2d(512, 1024, kernel_size=(1, 1), stride=(1, 1))
        (conv5): Conv2d(512, 512, kernel_size=(1, 1), stride=(1, 1))
        (norm1): LayerNorm()
        (norm2): LayerNorm()
        (dropout1): Identity()
        (dropout2): Identity()
        (fusion): Fusion(
          (sa): SpatialAttention(
            (sa): Conv2d(2, 1, kernel_size=(7, 7), stride=(1, 1), padding=(3, 3), padding_mode=reflect)
          )
          (ca): ChannelAttention(
            (gap): AdaptiveAvgPool2d(output_size=1)
            (ca): Sequential(
              (0): Conv2d(512, 64, kernel_size=(1, 1), stride=(1, 1))
              (1): ReLU(inplace=True)
              (2): Conv2d(64, 512, kernel_size=(1, 1), stride=(1, 1))
            )
          )
          (pa): PA(
            (conv): Conv2d(512, 512, kernel_size=(1, 1), stride=(1, 1))
            (sigmoid): Sigmoid()
          )
          (conv): Conv2d(512, 512, kernel_size=(1, 1), stride=(1, 1))
          (sigmoid): Sigmoid()
        )
        (gelu): GELU(approximate='none')
      )
      (7): CFBlock(
        (mlp): Sequential(
          (0): SimpleGate()
          (1): Linear(in_features=128, out_features=2048, bias=True)
        )
        (conv1): Conv2d(512, 1024, kernel_size=(1, 1), stride=(1, 1))
        (conv2): Conv2d(1024, 1024, kernel_size=(3, 3), stride=(1, 1), padding=(1, 1), groups=1024)
        (conv3): Conv2d(512, 512, kernel_size=(3, 3), stride=(1, 1), padding=(1, 1), groups=512)
        (dconv1): Sequential(
          (0): Conv2d(512, 512, kernel_size=(3, 3), stride=(1, 1), padding=(2, 2), dilation=(2, 2), groups=512)
          (1): GELU(approximate='none')
        )
        (dconv2): Sequential(
          (0): Conv2d(512, 512, kernel_size=(3, 3), stride=(1, 1), padding=(4, 4), dilation=(4, 4), groups=512)
          (1): GELU(approximate='none')
        )
        (dconv3): Sequential(
          (0): Conv2d(512, 512, kernel_size=(3, 3), stride=(1, 1), padding=(8, 8), dilation=(8, 8), groups=512)
          (1): GELU(approximate='none')
        )
        (sca): Sequential(
          (0): AdaptiveAvgPool2d(output_size=1)
          (1): Conv2d(512, 512, kernel_size=(1, 1), stride=(1, 1))
        )
        (sg): SimpleGate()
        (conv4): Conv2d(512, 1024, kernel_size=(1, 1), stride=(1, 1))
        (conv5): Conv2d(512, 512, kernel_size=(1, 1), stride=(1, 1))
        (norm1): LayerNorm()
        (norm2): LayerNorm()
        (dropout1): Identity()
        (dropout2): Identity()
        (fusion): Fusion(
          (sa): SpatialAttention(
            (sa): Conv2d(2, 1, kernel_size=(7, 7), stride=(1, 1), padding=(3, 3), padding_mode=reflect)
          )
          (ca): ChannelAttention(
            (gap): AdaptiveAvgPool2d(output_size=1)
            (ca): Sequential(
              (0): Conv2d(512, 64, kernel_size=(1, 1), stride=(1, 1))
              (1): ReLU(inplace=True)
              (2): Conv2d(64, 512, kernel_size=(1, 1), stride=(1, 1))
            )
          )
          (pa): PA(
            (conv): Conv2d(512, 512, kernel_size=(1, 1), stride=(1, 1))
            (sigmoid): Sigmoid()
          )
          (conv): Conv2d(512, 512, kernel_size=(1, 1), stride=(1, 1))
          (sigmoid): Sigmoid()
        )
        (gelu): GELU(approximate='none')
      )
      (8): CFBlock(
        (mlp): Sequential(
          (0): SimpleGate()
          (1): Linear(in_features=128, out_features=2048, bias=True)
        )
        (conv1): Conv2d(512, 1024, kernel_size=(1, 1), stride=(1, 1))
        (conv2): Conv2d(1024, 1024, kernel_size=(3, 3), stride=(1, 1), padding=(1, 1), groups=1024)
        (conv3): Conv2d(512, 512, kernel_size=(3, 3), stride=(1, 1), padding=(1, 1), groups=512)
        (dconv1): Sequential(
          (0): Conv2d(512, 512, kernel_size=(3, 3), stride=(1, 1), padding=(2, 2), dilation=(2, 2), groups=512)
          (1): GELU(approximate='none')
        )
        (dconv2): Sequential(
          (0): Conv2d(512, 512, kernel_size=(3, 3), stride=(1, 1), padding=(4, 4), dilation=(4, 4), groups=512)
          (1): GELU(approximate='none')
        )
        (dconv3): Sequential(
          (0): Conv2d(512, 512, kernel_size=(3, 3), stride=(1, 1), padding=(8, 8), dilation=(8, 8), groups=512)
          (1): GELU(approximate='none')
        )
        (sca): Sequential(
          (0): AdaptiveAvgPool2d(output_size=1)
          (1): Conv2d(512, 512, kernel_size=(1, 1), stride=(1, 1))
        )
        (sg): SimpleGate()
        (conv4): Conv2d(512, 1024, kernel_size=(1, 1), stride=(1, 1))
        (conv5): Conv2d(512, 512, kernel_size=(1, 1), stride=(1, 1))
        (norm1): LayerNorm()
        (norm2): LayerNorm()
        (dropout1): Identity()
        (dropout2): Identity()
        (fusion): Fusion(
          (sa): SpatialAttention(
            (sa): Conv2d(2, 1, kernel_size=(7, 7), stride=(1, 1), padding=(3, 3), padding_mode=reflect)
          )
          (ca): ChannelAttention(
            (gap): AdaptiveAvgPool2d(output_size=1)
            (ca): Sequential(
              (0): Conv2d(512, 64, kernel_size=(1, 1), stride=(1, 1))
              (1): ReLU(inplace=True)
              (2): Conv2d(64, 512, kernel_size=(1, 1), stride=(1, 1))
            )
          )
          (pa): PA(
            (conv): Conv2d(512, 512, kernel_size=(1, 1), stride=(1, 1))
            (sigmoid): Sigmoid()
          )
          (conv): Conv2d(512, 512, kernel_size=(1, 1), stride=(1, 1))
          (sigmoid): Sigmoid()
        )
        (gelu): GELU(approximate='none')
      )
      (9): CFBlock(
        (mlp): Sequential(
          (0): SimpleGate()
          (1): Linear(in_features=128, out_features=2048, bias=True)
        )
        (conv1): Conv2d(512, 1024, kernel_size=(1, 1), stride=(1, 1))
        (conv2): Conv2d(1024, 1024, kernel_size=(3, 3), stride=(1, 1), padding=(1, 1), groups=1024)
        (conv3): Conv2d(512, 512, kernel_size=(3, 3), stride=(1, 1), padding=(1, 1), groups=512)
        (dconv1): Sequential(
          (0): Conv2d(512, 512, kernel_size=(3, 3), stride=(1, 1), padding=(2, 2), dilation=(2, 2), groups=512)
          (1): GELU(approximate='none')
        )
        (dconv2): Sequential(
          (0): Conv2d(512, 512, kernel_size=(3, 3), stride=(1, 1), padding=(4, 4), dilation=(4, 4), groups=512)
          (1): GELU(approximate='none')
        )
        (dconv3): Sequential(
          (0): Conv2d(512, 512, kernel_size=(3, 3), stride=(1, 1), padding=(8, 8), dilation=(8, 8), groups=512)
          (1): GELU(approximate='none')
        )
        (sca): Sequential(
          (0): AdaptiveAvgPool2d(output_size=1)
          (1): Conv2d(512, 512, kernel_size=(1, 1), stride=(1, 1))
        )
        (sg): SimpleGate()
        (conv4): Conv2d(512, 1024, kernel_size=(1, 1), stride=(1, 1))
        (conv5): Conv2d(512, 512, kernel_size=(1, 1), stride=(1, 1))
        (norm1): LayerNorm()
        (norm2): LayerNorm()
        (dropout1): Identity()
        (dropout2): Identity()
        (fusion): Fusion(
          (sa): SpatialAttention(
            (sa): Conv2d(2, 1, kernel_size=(7, 7), stride=(1, 1), padding=(3, 3), padding_mode=reflect)
          )
          (ca): ChannelAttention(
            (gap): AdaptiveAvgPool2d(output_size=1)
            (ca): Sequential(
              (0): Conv2d(512, 64, kernel_size=(1, 1), stride=(1, 1))
              (1): ReLU(inplace=True)
              (2): Conv2d(64, 512, kernel_size=(1, 1), stride=(1, 1))
            )
          )
          (pa): PA(
            (conv): Conv2d(512, 512, kernel_size=(1, 1), stride=(1, 1))
            (sigmoid): Sigmoid()
          )
          (conv): Conv2d(512, 512, kernel_size=(1, 1), stride=(1, 1))
          (sigmoid): Sigmoid()
        )
        (gelu): GELU(approximate='none')
      )
      (10): CFBlock(
        (mlp): Sequential(
          (0): SimpleGate()
          (1): Linear(in_features=128, out_features=2048, bias=True)
        )
        (conv1): Conv2d(512, 1024, kernel_size=(1, 1), stride=(1, 1))
        (conv2): Conv2d(1024, 1024, kernel_size=(3, 3), stride=(1, 1), padding=(1, 1), groups=1024)
        (conv3): Conv2d(512, 512, kernel_size=(3, 3), stride=(1, 1), padding=(1, 1), groups=512)
        (dconv1): Sequential(
          (0): Conv2d(512, 512, kernel_size=(3, 3), stride=(1, 1), padding=(2, 2), dilation=(2, 2), groups=512)
          (1): GELU(approximate='none')
        )
        (dconv2): Sequential(
          (0): Conv2d(512, 512, kernel_size=(3, 3), stride=(1, 1), padding=(4, 4), dilation=(4, 4), groups=512)
          (1): GELU(approximate='none')
        )
        (dconv3): Sequential(
          (0): Conv2d(512, 512, kernel_size=(3, 3), stride=(1, 1), padding=(8, 8), dilation=(8, 8), groups=512)
          (1): GELU(approximate='none')
        )
        (sca): Sequential(
          (0): AdaptiveAvgPool2d(output_size=1)
          (1): Conv2d(512, 512, kernel_size=(1, 1), stride=(1, 1))
        )
        (sg): SimpleGate()
        (conv4): Conv2d(512, 1024, kernel_size=(1, 1), stride=(1, 1))
        (conv5): Conv2d(512, 512, kernel_size=(1, 1), stride=(1, 1))
        (norm1): LayerNorm()
        (norm2): LayerNorm()
        (dropout1): Identity()
        (dropout2): Identity()
        (fusion): Fusion(
          (sa): SpatialAttention(
            (sa): Conv2d(2, 1, kernel_size=(7, 7), stride=(1, 1), padding=(3, 3), padding_mode=reflect)
          )
          (ca): ChannelAttention(
            (gap): AdaptiveAvgPool2d(output_size=1)
            (ca): Sequential(
              (0): Conv2d(512, 64, kernel_size=(1, 1), stride=(1, 1))
              (1): ReLU(inplace=True)
              (2): Conv2d(64, 512, kernel_size=(1, 1), stride=(1, 1))
            )
          )
          (pa): PA(
            (conv): Conv2d(512, 512, kernel_size=(1, 1), stride=(1, 1))
            (sigmoid): Sigmoid()
          )
          (conv): Conv2d(512, 512, kernel_size=(1, 1), stride=(1, 1))
          (sigmoid): Sigmoid()
        )
        (gelu): GELU(approximate='none')
      )
      (11): CFBlock(
        (mlp): Sequential(
          (0): SimpleGate()
          (1): Linear(in_features=128, out_features=2048, bias=True)
        )
        (conv1): Conv2d(512, 1024, kernel_size=(1, 1), stride=(1, 1))
        (conv2): Conv2d(1024, 1024, kernel_size=(3, 3), stride=(1, 1), padding=(1, 1), groups=1024)
        (conv3): Conv2d(512, 512, kernel_size=(3, 3), stride=(1, 1), padding=(1, 1), groups=512)
        (dconv1): Sequential(
          (0): Conv2d(512, 512, kernel_size=(3, 3), stride=(1, 1), padding=(2, 2), dilation=(2, 2), groups=512)
          (1): GELU(approximate='none')
        )
        (dconv2): Sequential(
          (0): Conv2d(512, 512, kernel_size=(3, 3), stride=(1, 1), padding=(4, 4), dilation=(4, 4), groups=512)
          (1): GELU(approximate='none')
        )
        (dconv3): Sequential(
          (0): Conv2d(512, 512, kernel_size=(3, 3), stride=(1, 1), padding=(8, 8), dilation=(8, 8), groups=512)
          (1): GELU(approximate='none')
        )
        (sca): Sequential(
          (0): AdaptiveAvgPool2d(output_size=1)
          (1): Conv2d(512, 512, kernel_size=(1, 1), stride=(1, 1))
        )
        (sg): SimpleGate()
        (conv4): Conv2d(512, 1024, kernel_size=(1, 1), stride=(1, 1))
        (conv5): Conv2d(512, 512, kernel_size=(1, 1), stride=(1, 1))
        (norm1): LayerNorm()
        (norm2): LayerNorm()
        (dropout1): Identity()
        (dropout2): Identity()
        (fusion): Fusion(
          (sa): SpatialAttention(
            (sa): Conv2d(2, 1, kernel_size=(7, 7), stride=(1, 1), padding=(3, 3), padding_mode=reflect)
          )
          (ca): ChannelAttention(
            (gap): AdaptiveAvgPool2d(output_size=1)
            (ca): Sequential(
              (0): Conv2d(512, 64, kernel_size=(1, 1), stride=(1, 1))
              (1): ReLU(inplace=True)
              (2): Conv2d(64, 512, kernel_size=(1, 1), stride=(1, 1))
            )
          )
          (pa): PA(
            (conv): Conv2d(512, 512, kernel_size=(1, 1), stride=(1, 1))
            (sigmoid): Sigmoid()
          )
          (conv): Conv2d(512, 512, kernel_size=(1, 1), stride=(1, 1))
          (sigmoid): Sigmoid()
        )
        (gelu): GELU(approximate='none')
      )
      (12): CFBlock(
        (mlp): Sequential(
          (0): SimpleGate()
          (1): Linear(in_features=128, out_features=2048, bias=True)
        )
        (conv1): Conv2d(512, 1024, kernel_size=(1, 1), stride=(1, 1))
        (conv2): Conv2d(1024, 1024, kernel_size=(3, 3), stride=(1, 1), padding=(1, 1), groups=1024)
        (conv3): Conv2d(512, 512, kernel_size=(3, 3), stride=(1, 1), padding=(1, 1), groups=512)
        (dconv1): Sequential(
          (0): Conv2d(512, 512, kernel_size=(3, 3), stride=(1, 1), padding=(2, 2), dilation=(2, 2), groups=512)
          (1): GELU(approximate='none')
        )
        (dconv2): Sequential(
          (0): Conv2d(512, 512, kernel_size=(3, 3), stride=(1, 1), padding=(4, 4), dilation=(4, 4), groups=512)
          (1): GELU(approximate='none')
        )
        (dconv3): Sequential(
          (0): Conv2d(512, 512, kernel_size=(3, 3), stride=(1, 1), padding=(8, 8), dilation=(8, 8), groups=512)
          (1): GELU(approximate='none')
        )
        (sca): Sequential(
          (0): AdaptiveAvgPool2d(output_size=1)
          (1): Conv2d(512, 512, kernel_size=(1, 1), stride=(1, 1))
        )
        (sg): SimpleGate()
        (conv4): Conv2d(512, 1024, kernel_size=(1, 1), stride=(1, 1))
        (conv5): Conv2d(512, 512, kernel_size=(1, 1), stride=(1, 1))
        (norm1): LayerNorm()
        (norm2): LayerNorm()
        (dropout1): Identity()
        (dropout2): Identity()
        (fusion): Fusion(
          (sa): SpatialAttention(
            (sa): Conv2d(2, 1, kernel_size=(7, 7), stride=(1, 1), padding=(3, 3), padding_mode=reflect)
          )
          (ca): ChannelAttention(
            (gap): AdaptiveAvgPool2d(output_size=1)
            (ca): Sequential(
              (0): Conv2d(512, 64, kernel_size=(1, 1), stride=(1, 1))
              (1): ReLU(inplace=True)
              (2): Conv2d(64, 512, kernel_size=(1, 1), stride=(1, 1))
            )
          )
          (pa): PA(
            (conv): Conv2d(512, 512, kernel_size=(1, 1), stride=(1, 1))
            (sigmoid): Sigmoid()
          )
          (conv): Conv2d(512, 512, kernel_size=(1, 1), stride=(1, 1))
          (sigmoid): Sigmoid()
        )
        (gelu): GELU(approximate='none')
      )
      (13): CFBlock(
        (mlp): Sequential(
          (0): SimpleGate()
          (1): Linear(in_features=128, out_features=2048, bias=True)
        )
        (conv1): Conv2d(512, 1024, kernel_size=(1, 1), stride=(1, 1))
        (conv2): Conv2d(1024, 1024, kernel_size=(3, 3), stride=(1, 1), padding=(1, 1), groups=1024)
        (conv3): Conv2d(512, 512, kernel_size=(3, 3), stride=(1, 1), padding=(1, 1), groups=512)
        (dconv1): Sequential(
          (0): Conv2d(512, 512, kernel_size=(3, 3), stride=(1, 1), padding=(2, 2), dilation=(2, 2), groups=512)
          (1): GELU(approximate='none')
        )
        (dconv2): Sequential(
          (0): Conv2d(512, 512, kernel_size=(3, 3), stride=(1, 1), padding=(4, 4), dilation=(4, 4), groups=512)
          (1): GELU(approximate='none')
        )
        (dconv3): Sequential(
          (0): Conv2d(512, 512, kernel_size=(3, 3), stride=(1, 1), padding=(8, 8), dilation=(8, 8), groups=512)
          (1): GELU(approximate='none')
        )
        (sca): Sequential(
          (0): AdaptiveAvgPool2d(output_size=1)
          (1): Conv2d(512, 512, kernel_size=(1, 1), stride=(1, 1))
        )
        (sg): SimpleGate()
        (conv4): Conv2d(512, 1024, kernel_size=(1, 1), stride=(1, 1))
        (conv5): Conv2d(512, 512, kernel_size=(1, 1), stride=(1, 1))
        (norm1): LayerNorm()
        (norm2): LayerNorm()
        (dropout1): Identity()
        (dropout2): Identity()
        (fusion): Fusion(
          (sa): SpatialAttention(
            (sa): Conv2d(2, 1, kernel_size=(7, 7), stride=(1, 1), padding=(3, 3), padding_mode=reflect)
          )
          (ca): ChannelAttention(
            (gap): AdaptiveAvgPool2d(output_size=1)
            (ca): Sequential(
              (0): Conv2d(512, 64, kernel_size=(1, 1), stride=(1, 1))
              (1): ReLU(inplace=True)
              (2): Conv2d(64, 512, kernel_size=(1, 1), stride=(1, 1))
            )
          )
          (pa): PA(
            (conv): Conv2d(512, 512, kernel_size=(1, 1), stride=(1, 1))
            (sigmoid): Sigmoid()
          )
          (conv): Conv2d(512, 512, kernel_size=(1, 1), stride=(1, 1))
          (sigmoid): Sigmoid()
        )
        (gelu): GELU(approximate='none')
      )
      (14): CFBlock(
        (mlp): Sequential(
          (0): SimpleGate()
          (1): Linear(in_features=128, out_features=2048, bias=True)
        )
        (conv1): Conv2d(512, 1024, kernel_size=(1, 1), stride=(1, 1))
        (conv2): Conv2d(1024, 1024, kernel_size=(3, 3), stride=(1, 1), padding=(1, 1), groups=1024)
        (conv3): Conv2d(512, 512, kernel_size=(3, 3), stride=(1, 1), padding=(1, 1), groups=512)
        (dconv1): Sequential(
          (0): Conv2d(512, 512, kernel_size=(3, 3), stride=(1, 1), padding=(2, 2), dilation=(2, 2), groups=512)
          (1): GELU(approximate='none')
        )
        (dconv2): Sequential(
          (0): Conv2d(512, 512, kernel_size=(3, 3), stride=(1, 1), padding=(4, 4), dilation=(4, 4), groups=512)
          (1): GELU(approximate='none')
        )
        (dconv3): Sequential(
          (0): Conv2d(512, 512, kernel_size=(3, 3), stride=(1, 1), padding=(8, 8), dilation=(8, 8), groups=512)
          (1): GELU(approximate='none')
        )
        (sca): Sequential(
          (0): AdaptiveAvgPool2d(output_size=1)
          (1): Conv2d(512, 512, kernel_size=(1, 1), stride=(1, 1))
        )
        (sg): SimpleGate()
        (conv4): Conv2d(512, 1024, kernel_size=(1, 1), stride=(1, 1))
        (conv5): Conv2d(512, 512, kernel_size=(1, 1), stride=(1, 1))
        (norm1): LayerNorm()
        (norm2): LayerNorm()
        (dropout1): Identity()
        (dropout2): Identity()
        (fusion): Fusion(
          (sa): SpatialAttention(
            (sa): Conv2d(2, 1, kernel_size=(7, 7), stride=(1, 1), padding=(3, 3), padding_mode=reflect)
          )
          (ca): ChannelAttention(
            (gap): AdaptiveAvgPool2d(output_size=1)
            (ca): Sequential(
              (0): Conv2d(512, 64, kernel_size=(1, 1), stride=(1, 1))
              (1): ReLU(inplace=True)
              (2): Conv2d(64, 512, kernel_size=(1, 1), stride=(1, 1))
            )
          )
          (pa): PA(
            (conv): Conv2d(512, 512, kernel_size=(1, 1), stride=(1, 1))
            (sigmoid): Sigmoid()
          )
          (conv): Conv2d(512, 512, kernel_size=(1, 1), stride=(1, 1))
          (sigmoid): Sigmoid()
        )
        (gelu): GELU(approximate='none')
      )
      (15): CFBlock(
        (mlp): Sequential(
          (0): SimpleGate()
          (1): Linear(in_features=128, out_features=2048, bias=True)
        )
        (conv1): Conv2d(512, 1024, kernel_size=(1, 1), stride=(1, 1))
        (conv2): Conv2d(1024, 1024, kernel_size=(3, 3), stride=(1, 1), padding=(1, 1), groups=1024)
        (conv3): Conv2d(512, 512, kernel_size=(3, 3), stride=(1, 1), padding=(1, 1), groups=512)
        (dconv1): Sequential(
          (0): Conv2d(512, 512, kernel_size=(3, 3), stride=(1, 1), padding=(2, 2), dilation=(2, 2), groups=512)
          (1): GELU(approximate='none')
        )
        (dconv2): Sequential(
          (0): Conv2d(512, 512, kernel_size=(3, 3), stride=(1, 1), padding=(4, 4), dilation=(4, 4), groups=512)
          (1): GELU(approximate='none')
        )
        (dconv3): Sequential(
          (0): Conv2d(512, 512, kernel_size=(3, 3), stride=(1, 1), padding=(8, 8), dilation=(8, 8), groups=512)
          (1): GELU(approximate='none')
        )
        (sca): Sequential(
          (0): AdaptiveAvgPool2d(output_size=1)
          (1): Conv2d(512, 512, kernel_size=(1, 1), stride=(1, 1))
        )
        (sg): SimpleGate()
        (conv4): Conv2d(512, 1024, kernel_size=(1, 1), stride=(1, 1))
        (conv5): Conv2d(512, 512, kernel_size=(1, 1), stride=(1, 1))
        (norm1): LayerNorm()
        (norm2): LayerNorm()
        (dropout1): Identity()
        (dropout2): Identity()
        (fusion): Fusion(
          (sa): SpatialAttention(
            (sa): Conv2d(2, 1, kernel_size=(7, 7), stride=(1, 1), padding=(3, 3), padding_mode=reflect)
          )
          (ca): ChannelAttention(
            (gap): AdaptiveAvgPool2d(output_size=1)
            (ca): Sequential(
              (0): Conv2d(512, 64, kernel_size=(1, 1), stride=(1, 1))
              (1): ReLU(inplace=True)
              (2): Conv2d(64, 512, kernel_size=(1, 1), stride=(1, 1))
            )
          )
          (pa): PA(
            (conv): Conv2d(512, 512, kernel_size=(1, 1), stride=(1, 1))
            (sigmoid): Sigmoid()
          )
          (conv): Conv2d(512, 512, kernel_size=(1, 1), stride=(1, 1))
          (sigmoid): Sigmoid()
        )
        (gelu): GELU(approximate='none')
      )
      (16): CFBlock(
        (mlp): Sequential(
          (0): SimpleGate()
          (1): Linear(in_features=128, out_features=2048, bias=True)
        )
        (conv1): Conv2d(512, 1024, kernel_size=(1, 1), stride=(1, 1))
        (conv2): Conv2d(1024, 1024, kernel_size=(3, 3), stride=(1, 1), padding=(1, 1), groups=1024)
        (conv3): Conv2d(512, 512, kernel_size=(3, 3), stride=(1, 1), padding=(1, 1), groups=512)
        (dconv1): Sequential(
          (0): Conv2d(512, 512, kernel_size=(3, 3), stride=(1, 1), padding=(2, 2), dilation=(2, 2), groups=512)
          (1): GELU(approximate='none')
        )
        (dconv2): Sequential(
          (0): Conv2d(512, 512, kernel_size=(3, 3), stride=(1, 1), padding=(4, 4), dilation=(4, 4), groups=512)
          (1): GELU(approximate='none')
        )
        (dconv3): Sequential(
          (0): Conv2d(512, 512, kernel_size=(3, 3), stride=(1, 1), padding=(8, 8), dilation=(8, 8), groups=512)
          (1): GELU(approximate='none')
        )
        (sca): Sequential(
          (0): AdaptiveAvgPool2d(output_size=1)
          (1): Conv2d(512, 512, kernel_size=(1, 1), stride=(1, 1))
        )
        (sg): SimpleGate()
        (conv4): Conv2d(512, 1024, kernel_size=(1, 1), stride=(1, 1))
        (conv5): Conv2d(512, 512, kernel_size=(1, 1), stride=(1, 1))
        (norm1): LayerNorm()
        (norm2): LayerNorm()
        (dropout1): Identity()
        (dropout2): Identity()
        (fusion): Fusion(
          (sa): SpatialAttention(
            (sa): Conv2d(2, 1, kernel_size=(7, 7), stride=(1, 1), padding=(3, 3), padding_mode=reflect)
          )
          (ca): ChannelAttention(
            (gap): AdaptiveAvgPool2d(output_size=1)
            (ca): Sequential(
              (0): Conv2d(512, 64, kernel_size=(1, 1), stride=(1, 1))
              (1): ReLU(inplace=True)
              (2): Conv2d(64, 512, kernel_size=(1, 1), stride=(1, 1))
            )
          )
          (pa): PA(
            (conv): Conv2d(512, 512, kernel_size=(1, 1), stride=(1, 1))
            (sigmoid): Sigmoid()
          )
          (conv): Conv2d(512, 512, kernel_size=(1, 1), stride=(1, 1))
          (sigmoid): Sigmoid()
        )
        (gelu): GELU(approximate='none')
      )
      (17): CFBlock(
        (mlp): Sequential(
          (0): SimpleGate()
          (1): Linear(in_features=128, out_features=2048, bias=True)
        )
        (conv1): Conv2d(512, 1024, kernel_size=(1, 1), stride=(1, 1))
        (conv2): Conv2d(1024, 1024, kernel_size=(3, 3), stride=(1, 1), padding=(1, 1), groups=1024)
        (conv3): Conv2d(512, 512, kernel_size=(3, 3), stride=(1, 1), padding=(1, 1), groups=512)
        (dconv1): Sequential(
          (0): Conv2d(512, 512, kernel_size=(3, 3), stride=(1, 1), padding=(2, 2), dilation=(2, 2), groups=512)
          (1): GELU(approximate='none')
        )
        (dconv2): Sequential(
          (0): Conv2d(512, 512, kernel_size=(3, 3), stride=(1, 1), padding=(4, 4), dilation=(4, 4), groups=512)
          (1): GELU(approximate='none')
        )
        (dconv3): Sequential(
          (0): Conv2d(512, 512, kernel_size=(3, 3), stride=(1, 1), padding=(8, 8), dilation=(8, 8), groups=512)
          (1): GELU(approximate='none')
        )
        (sca): Sequential(
          (0): AdaptiveAvgPool2d(output_size=1)
          (1): Conv2d(512, 512, kernel_size=(1, 1), stride=(1, 1))
        )
        (sg): SimpleGate()
        (conv4): Conv2d(512, 1024, kernel_size=(1, 1), stride=(1, 1))
        (conv5): Conv2d(512, 512, kernel_size=(1, 1), stride=(1, 1))
        (norm1): LayerNorm()
        (norm2): LayerNorm()
        (dropout1): Identity()
        (dropout2): Identity()
        (fusion): Fusion(
          (sa): SpatialAttention(
            (sa): Conv2d(2, 1, kernel_size=(7, 7), stride=(1, 1), padding=(3, 3), padding_mode=reflect)
          )
          (ca): ChannelAttention(
            (gap): AdaptiveAvgPool2d(output_size=1)
            (ca): Sequential(
              (0): Conv2d(512, 64, kernel_size=(1, 1), stride=(1, 1))
              (1): ReLU(inplace=True)
              (2): Conv2d(64, 512, kernel_size=(1, 1), stride=(1, 1))
            )
          )
          (pa): PA(
            (conv): Conv2d(512, 512, kernel_size=(1, 1), stride=(1, 1))
            (sigmoid): Sigmoid()
          )
          (conv): Conv2d(512, 512, kernel_size=(1, 1), stride=(1, 1))
          (sigmoid): Sigmoid()
        )
        (gelu): GELU(approximate='none')
      )
      (18): CFBlock(
        (mlp): Sequential(
          (0): SimpleGate()
          (1): Linear(in_features=128, out_features=2048, bias=True)
        )
        (conv1): Conv2d(512, 1024, kernel_size=(1, 1), stride=(1, 1))
        (conv2): Conv2d(1024, 1024, kernel_size=(3, 3), stride=(1, 1), padding=(1, 1), groups=1024)
        (conv3): Conv2d(512, 512, kernel_size=(3, 3), stride=(1, 1), padding=(1, 1), groups=512)
        (dconv1): Sequential(
          (0): Conv2d(512, 512, kernel_size=(3, 3), stride=(1, 1), padding=(2, 2), dilation=(2, 2), groups=512)
          (1): GELU(approximate='none')
        )
        (dconv2): Sequential(
          (0): Conv2d(512, 512, kernel_size=(3, 3), stride=(1, 1), padding=(4, 4), dilation=(4, 4), groups=512)
          (1): GELU(approximate='none')
        )
        (dconv3): Sequential(
          (0): Conv2d(512, 512, kernel_size=(3, 3), stride=(1, 1), padding=(8, 8), dilation=(8, 8), groups=512)
          (1): GELU(approximate='none')
        )
        (sca): Sequential(
          (0): AdaptiveAvgPool2d(output_size=1)
          (1): Conv2d(512, 512, kernel_size=(1, 1), stride=(1, 1))
        )
        (sg): SimpleGate()
        (conv4): Conv2d(512, 1024, kernel_size=(1, 1), stride=(1, 1))
        (conv5): Conv2d(512, 512, kernel_size=(1, 1), stride=(1, 1))
        (norm1): LayerNorm()
        (norm2): LayerNorm()
        (dropout1): Identity()
        (dropout2): Identity()
        (fusion): Fusion(
          (sa): SpatialAttention(
            (sa): Conv2d(2, 1, kernel_size=(7, 7), stride=(1, 1), padding=(3, 3), padding_mode=reflect)
          )
          (ca): ChannelAttention(
            (gap): AdaptiveAvgPool2d(output_size=1)
            (ca): Sequential(
              (0): Conv2d(512, 64, kernel_size=(1, 1), stride=(1, 1))
              (1): ReLU(inplace=True)
              (2): Conv2d(64, 512, kernel_size=(1, 1), stride=(1, 1))
            )
          )
          (pa): PA(
            (conv): Conv2d(512, 512, kernel_size=(1, 1), stride=(1, 1))
            (sigmoid): Sigmoid()
          )
          (conv): Conv2d(512, 512, kernel_size=(1, 1), stride=(1, 1))
          (sigmoid): Sigmoid()
        )
        (gelu): GELU(approximate='none')
      )
      (19): CFBlock(
        (mlp): Sequential(
          (0): SimpleGate()
          (1): Linear(in_features=128, out_features=2048, bias=True)
        )
        (conv1): Conv2d(512, 1024, kernel_size=(1, 1), stride=(1, 1))
        (conv2): Conv2d(1024, 1024, kernel_size=(3, 3), stride=(1, 1), padding=(1, 1), groups=1024)
        (conv3): Conv2d(512, 512, kernel_size=(3, 3), stride=(1, 1), padding=(1, 1), groups=512)
        (dconv1): Sequential(
          (0): Conv2d(512, 512, kernel_size=(3, 3), stride=(1, 1), padding=(2, 2), dilation=(2, 2), groups=512)
          (1): GELU(approximate='none')
        )
        (dconv2): Sequential(
          (0): Conv2d(512, 512, kernel_size=(3, 3), stride=(1, 1), padding=(4, 4), dilation=(4, 4), groups=512)
          (1): GELU(approximate='none')
        )
        (dconv3): Sequential(
          (0): Conv2d(512, 512, kernel_size=(3, 3), stride=(1, 1), padding=(8, 8), dilation=(8, 8), groups=512)
          (1): GELU(approximate='none')
        )
        (sca): Sequential(
          (0): AdaptiveAvgPool2d(output_size=1)
          (1): Conv2d(512, 512, kernel_size=(1, 1), stride=(1, 1))
        )
        (sg): SimpleGate()
        (conv4): Conv2d(512, 1024, kernel_size=(1, 1), stride=(1, 1))
        (conv5): Conv2d(512, 512, kernel_size=(1, 1), stride=(1, 1))
        (norm1): LayerNorm()
        (norm2): LayerNorm()
        (dropout1): Identity()
        (dropout2): Identity()
        (fusion): Fusion(
          (sa): SpatialAttention(
            (sa): Conv2d(2, 1, kernel_size=(7, 7), stride=(1, 1), padding=(3, 3), padding_mode=reflect)
          )
          (ca): ChannelAttention(
            (gap): AdaptiveAvgPool2d(output_size=1)
            (ca): Sequential(
              (0): Conv2d(512, 64, kernel_size=(1, 1), stride=(1, 1))
              (1): ReLU(inplace=True)
              (2): Conv2d(64, 512, kernel_size=(1, 1), stride=(1, 1))
            )
          )
          (pa): PA(
            (conv): Conv2d(512, 512, kernel_size=(1, 1), stride=(1, 1))
            (sigmoid): Sigmoid()
          )
          (conv): Conv2d(512, 512, kernel_size=(1, 1), stride=(1, 1))
          (sigmoid): Sigmoid()
        )
        (gelu): GELU(approximate='none')
      )
      (20): CFBlock(
        (mlp): Sequential(
          (0): SimpleGate()
          (1): Linear(in_features=128, out_features=2048, bias=True)
        )
        (conv1): Conv2d(512, 1024, kernel_size=(1, 1), stride=(1, 1))
        (conv2): Conv2d(1024, 1024, kernel_size=(3, 3), stride=(1, 1), padding=(1, 1), groups=1024)
        (conv3): Conv2d(512, 512, kernel_size=(3, 3), stride=(1, 1), padding=(1, 1), groups=512)
        (dconv1): Sequential(
          (0): Conv2d(512, 512, kernel_size=(3, 3), stride=(1, 1), padding=(2, 2), dilation=(2, 2), groups=512)
          (1): GELU(approximate='none')
        )
        (dconv2): Sequential(
          (0): Conv2d(512, 512, kernel_size=(3, 3), stride=(1, 1), padding=(4, 4), dilation=(4, 4), groups=512)
          (1): GELU(approximate='none')
        )
        (dconv3): Sequential(
          (0): Conv2d(512, 512, kernel_size=(3, 3), stride=(1, 1), padding=(8, 8), dilation=(8, 8), groups=512)
          (1): GELU(approximate='none')
        )
        (sca): Sequential(
          (0): AdaptiveAvgPool2d(output_size=1)
          (1): Conv2d(512, 512, kernel_size=(1, 1), stride=(1, 1))
        )
        (sg): SimpleGate()
        (conv4): Conv2d(512, 1024, kernel_size=(1, 1), stride=(1, 1))
        (conv5): Conv2d(512, 512, kernel_size=(1, 1), stride=(1, 1))
        (norm1): LayerNorm()
        (norm2): LayerNorm()
        (dropout1): Identity()
        (dropout2): Identity()
        (fusion): Fusion(
          (sa): SpatialAttention(
            (sa): Conv2d(2, 1, kernel_size=(7, 7), stride=(1, 1), padding=(3, 3), padding_mode=reflect)
          )
          (ca): ChannelAttention(
            (gap): AdaptiveAvgPool2d(output_size=1)
            (ca): Sequential(
              (0): Conv2d(512, 64, kernel_size=(1, 1), stride=(1, 1))
              (1): ReLU(inplace=True)
              (2): Conv2d(64, 512, kernel_size=(1, 1), stride=(1, 1))
            )
          )
          (pa): PA(
            (conv): Conv2d(512, 512, kernel_size=(1, 1), stride=(1, 1))
            (sigmoid): Sigmoid()
          )
          (conv): Conv2d(512, 512, kernel_size=(1, 1), stride=(1, 1))
          (sigmoid): Sigmoid()
        )
        (gelu): GELU(approximate='none')
      )
      (21): CFBlock(
        (mlp): Sequential(
          (0): SimpleGate()
          (1): Linear(in_features=128, out_features=2048, bias=True)
        )
        (conv1): Conv2d(512, 1024, kernel_size=(1, 1), stride=(1, 1))
        (conv2): Conv2d(1024, 1024, kernel_size=(3, 3), stride=(1, 1), padding=(1, 1), groups=1024)
        (conv3): Conv2d(512, 512, kernel_size=(3, 3), stride=(1, 1), padding=(1, 1), groups=512)
        (dconv1): Sequential(
          (0): Conv2d(512, 512, kernel_size=(3, 3), stride=(1, 1), padding=(2, 2), dilation=(2, 2), groups=512)
          (1): GELU(approximate='none')
        )
        (dconv2): Sequential(
          (0): Conv2d(512, 512, kernel_size=(3, 3), stride=(1, 1), padding=(4, 4), dilation=(4, 4), groups=512)
          (1): GELU(approximate='none')
        )
        (dconv3): Sequential(
          (0): Conv2d(512, 512, kernel_size=(3, 3), stride=(1, 1), padding=(8, 8), dilation=(8, 8), groups=512)
          (1): GELU(approximate='none')
        )
        (sca): Sequential(
          (0): AdaptiveAvgPool2d(output_size=1)
          (1): Conv2d(512, 512, kernel_size=(1, 1), stride=(1, 1))
        )
        (sg): SimpleGate()
        (conv4): Conv2d(512, 1024, kernel_size=(1, 1), stride=(1, 1))
        (conv5): Conv2d(512, 512, kernel_size=(1, 1), stride=(1, 1))
        (norm1): LayerNorm()
        (norm2): LayerNorm()
        (dropout1): Identity()
        (dropout2): Identity()
        (fusion): Fusion(
          (sa): SpatialAttention(
            (sa): Conv2d(2, 1, kernel_size=(7, 7), stride=(1, 1), padding=(3, 3), padding_mode=reflect)
          )
          (ca): ChannelAttention(
            (gap): AdaptiveAvgPool2d(output_size=1)
            (ca): Sequential(
              (0): Conv2d(512, 64, kernel_size=(1, 1), stride=(1, 1))
              (1): ReLU(inplace=True)
              (2): Conv2d(64, 512, kernel_size=(1, 1), stride=(1, 1))
            )
          )
          (pa): PA(
            (conv): Conv2d(512, 512, kernel_size=(1, 1), stride=(1, 1))
            (sigmoid): Sigmoid()
          )
          (conv): Conv2d(512, 512, kernel_size=(1, 1), stride=(1, 1))
          (sigmoid): Sigmoid()
        )
        (gelu): GELU(approximate='none')
      )
      (22): CFBlock(
        (mlp): Sequential(
          (0): SimpleGate()
          (1): Linear(in_features=128, out_features=2048, bias=True)
        )
        (conv1): Conv2d(512, 1024, kernel_size=(1, 1), stride=(1, 1))
        (conv2): Conv2d(1024, 1024, kernel_size=(3, 3), stride=(1, 1), padding=(1, 1), groups=1024)
        (conv3): Conv2d(512, 512, kernel_size=(3, 3), stride=(1, 1), padding=(1, 1), groups=512)
        (dconv1): Sequential(
          (0): Conv2d(512, 512, kernel_size=(3, 3), stride=(1, 1), padding=(2, 2), dilation=(2, 2), groups=512)
          (1): GELU(approximate='none')
        )
        (dconv2): Sequential(
          (0): Conv2d(512, 512, kernel_size=(3, 3), stride=(1, 1), padding=(4, 4), dilation=(4, 4), groups=512)
          (1): GELU(approximate='none')
        )
        (dconv3): Sequential(
          (0): Conv2d(512, 512, kernel_size=(3, 3), stride=(1, 1), padding=(8, 8), dilation=(8, 8), groups=512)
          (1): GELU(approximate='none')
        )
        (sca): Sequential(
          (0): AdaptiveAvgPool2d(output_size=1)
          (1): Conv2d(512, 512, kernel_size=(1, 1), stride=(1, 1))
        )
        (sg): SimpleGate()
        (conv4): Conv2d(512, 1024, kernel_size=(1, 1), stride=(1, 1))
        (conv5): Conv2d(512, 512, kernel_size=(1, 1), stride=(1, 1))
        (norm1): LayerNorm()
        (norm2): LayerNorm()
        (dropout1): Identity()
        (dropout2): Identity()
        (fusion): Fusion(
          (sa): SpatialAttention(
            (sa): Conv2d(2, 1, kernel_size=(7, 7), stride=(1, 1), padding=(3, 3), padding_mode=reflect)
          )
          (ca): ChannelAttention(
            (gap): AdaptiveAvgPool2d(output_size=1)
            (ca): Sequential(
              (0): Conv2d(512, 64, kernel_size=(1, 1), stride=(1, 1))
              (1): ReLU(inplace=True)
              (2): Conv2d(64, 512, kernel_size=(1, 1), stride=(1, 1))
            )
          )
          (pa): PA(
            (conv): Conv2d(512, 512, kernel_size=(1, 1), stride=(1, 1))
            (sigmoid): Sigmoid()
          )
          (conv): Conv2d(512, 512, kernel_size=(1, 1), stride=(1, 1))
          (sigmoid): Sigmoid()
        )
        (gelu): GELU(approximate='none')
      )
      (23): CFBlock(
        (mlp): Sequential(
          (0): SimpleGate()
          (1): Linear(in_features=128, out_features=2048, bias=True)
        )
        (conv1): Conv2d(512, 1024, kernel_size=(1, 1), stride=(1, 1))
        (conv2): Conv2d(1024, 1024, kernel_size=(3, 3), stride=(1, 1), padding=(1, 1), groups=1024)
        (conv3): Conv2d(512, 512, kernel_size=(3, 3), stride=(1, 1), padding=(1, 1), groups=512)
        (dconv1): Sequential(
          (0): Conv2d(512, 512, kernel_size=(3, 3), stride=(1, 1), padding=(2, 2), dilation=(2, 2), groups=512)
          (1): GELU(approximate='none')
        )
        (dconv2): Sequential(
          (0): Conv2d(512, 512, kernel_size=(3, 3), stride=(1, 1), padding=(4, 4), dilation=(4, 4), groups=512)
          (1): GELU(approximate='none')
        )
        (dconv3): Sequential(
          (0): Conv2d(512, 512, kernel_size=(3, 3), stride=(1, 1), padding=(8, 8), dilation=(8, 8), groups=512)
          (1): GELU(approximate='none')
        )
        (sca): Sequential(
          (0): AdaptiveAvgPool2d(output_size=1)
          (1): Conv2d(512, 512, kernel_size=(1, 1), stride=(1, 1))
        )
        (sg): SimpleGate()
        (conv4): Conv2d(512, 1024, kernel_size=(1, 1), stride=(1, 1))
        (conv5): Conv2d(512, 512, kernel_size=(1, 1), stride=(1, 1))
        (norm1): LayerNorm()
        (norm2): LayerNorm()
        (dropout1): Identity()
        (dropout2): Identity()
        (fusion): Fusion(
          (sa): SpatialAttention(
            (sa): Conv2d(2, 1, kernel_size=(7, 7), stride=(1, 1), padding=(3, 3), padding_mode=reflect)
          )
          (ca): ChannelAttention(
            (gap): AdaptiveAvgPool2d(output_size=1)
            (ca): Sequential(
              (0): Conv2d(512, 64, kernel_size=(1, 1), stride=(1, 1))
              (1): ReLU(inplace=True)
              (2): Conv2d(64, 512, kernel_size=(1, 1), stride=(1, 1))
            )
          )
          (pa): PA(
            (conv): Conv2d(512, 512, kernel_size=(1, 1), stride=(1, 1))
            (sigmoid): Sigmoid()
          )
          (conv): Conv2d(512, 512, kernel_size=(1, 1), stride=(1, 1))
          (sigmoid): Sigmoid()
        )
        (gelu): GELU(approximate='none')
      )
      (24): CFBlock(
        (mlp): Sequential(
          (0): SimpleGate()
          (1): Linear(in_features=128, out_features=2048, bias=True)
        )
        (conv1): Conv2d(512, 1024, kernel_size=(1, 1), stride=(1, 1))
        (conv2): Conv2d(1024, 1024, kernel_size=(3, 3), stride=(1, 1), padding=(1, 1), groups=1024)
        (conv3): Conv2d(512, 512, kernel_size=(3, 3), stride=(1, 1), padding=(1, 1), groups=512)
        (dconv1): Sequential(
          (0): Conv2d(512, 512, kernel_size=(3, 3), stride=(1, 1), padding=(2, 2), dilation=(2, 2), groups=512)
          (1): GELU(approximate='none')
        )
        (dconv2): Sequential(
          (0): Conv2d(512, 512, kernel_size=(3, 3), stride=(1, 1), padding=(4, 4), dilation=(4, 4), groups=512)
          (1): GELU(approximate='none')
        )
        (dconv3): Sequential(
          (0): Conv2d(512, 512, kernel_size=(3, 3), stride=(1, 1), padding=(8, 8), dilation=(8, 8), groups=512)
          (1): GELU(approximate='none')
        )
        (sca): Sequential(
          (0): AdaptiveAvgPool2d(output_size=1)
          (1): Conv2d(512, 512, kernel_size=(1, 1), stride=(1, 1))
        )
        (sg): SimpleGate()
        (conv4): Conv2d(512, 1024, kernel_size=(1, 1), stride=(1, 1))
        (conv5): Conv2d(512, 512, kernel_size=(1, 1), stride=(1, 1))
        (norm1): LayerNorm()
        (norm2): LayerNorm()
        (dropout1): Identity()
        (dropout2): Identity()
        (fusion): Fusion(
          (sa): SpatialAttention(
            (sa): Conv2d(2, 1, kernel_size=(7, 7), stride=(1, 1), padding=(3, 3), padding_mode=reflect)
          )
          (ca): ChannelAttention(
            (gap): AdaptiveAvgPool2d(output_size=1)
            (ca): Sequential(
              (0): Conv2d(512, 64, kernel_size=(1, 1), stride=(1, 1))
              (1): ReLU(inplace=True)
              (2): Conv2d(64, 512, kernel_size=(1, 1), stride=(1, 1))
            )
          )
          (pa): PA(
            (conv): Conv2d(512, 512, kernel_size=(1, 1), stride=(1, 1))
            (sigmoid): Sigmoid()
          )
          (conv): Conv2d(512, 512, kernel_size=(1, 1), stride=(1, 1))
          (sigmoid): Sigmoid()
        )
        (gelu): GELU(approximate='none')
      )
      (25): CFBlock(
        (mlp): Sequential(
          (0): SimpleGate()
          (1): Linear(in_features=128, out_features=2048, bias=True)
        )
        (conv1): Conv2d(512, 1024, kernel_size=(1, 1), stride=(1, 1))
        (conv2): Conv2d(1024, 1024, kernel_size=(3, 3), stride=(1, 1), padding=(1, 1), groups=1024)
        (conv3): Conv2d(512, 512, kernel_size=(3, 3), stride=(1, 1), padding=(1, 1), groups=512)
        (dconv1): Sequential(
          (0): Conv2d(512, 512, kernel_size=(3, 3), stride=(1, 1), padding=(2, 2), dilation=(2, 2), groups=512)
          (1): GELU(approximate='none')
        )
        (dconv2): Sequential(
          (0): Conv2d(512, 512, kernel_size=(3, 3), stride=(1, 1), padding=(4, 4), dilation=(4, 4), groups=512)
          (1): GELU(approximate='none')
        )
        (dconv3): Sequential(
          (0): Conv2d(512, 512, kernel_size=(3, 3), stride=(1, 1), padding=(8, 8), dilation=(8, 8), groups=512)
          (1): GELU(approximate='none')
        )
        (sca): Sequential(
          (0): AdaptiveAvgPool2d(output_size=1)
          (1): Conv2d(512, 512, kernel_size=(1, 1), stride=(1, 1))
        )
        (sg): SimpleGate()
        (conv4): Conv2d(512, 1024, kernel_size=(1, 1), stride=(1, 1))
        (conv5): Conv2d(512, 512, kernel_size=(1, 1), stride=(1, 1))
        (norm1): LayerNorm()
        (norm2): LayerNorm()
        (dropout1): Identity()
        (dropout2): Identity()
        (fusion): Fusion(
          (sa): SpatialAttention(
            (sa): Conv2d(2, 1, kernel_size=(7, 7), stride=(1, 1), padding=(3, 3), padding_mode=reflect)
          )
          (ca): ChannelAttention(
            (gap): AdaptiveAvgPool2d(output_size=1)
            (ca): Sequential(
              (0): Conv2d(512, 64, kernel_size=(1, 1), stride=(1, 1))
              (1): ReLU(inplace=True)
              (2): Conv2d(64, 512, kernel_size=(1, 1), stride=(1, 1))
            )
          )
          (pa): PA(
            (conv): Conv2d(512, 512, kernel_size=(1, 1), stride=(1, 1))
            (sigmoid): Sigmoid()
          )
          (conv): Conv2d(512, 512, kernel_size=(1, 1), stride=(1, 1))
          (sigmoid): Sigmoid()
        )
        (gelu): GELU(approximate='none')
      )
      (26): CFBlock(
        (mlp): Sequential(
          (0): SimpleGate()
          (1): Linear(in_features=128, out_features=2048, bias=True)
        )
        (conv1): Conv2d(512, 1024, kernel_size=(1, 1), stride=(1, 1))
        (conv2): Conv2d(1024, 1024, kernel_size=(3, 3), stride=(1, 1), padding=(1, 1), groups=1024)
        (conv3): Conv2d(512, 512, kernel_size=(3, 3), stride=(1, 1), padding=(1, 1), groups=512)
        (dconv1): Sequential(
          (0): Conv2d(512, 512, kernel_size=(3, 3), stride=(1, 1), padding=(2, 2), dilation=(2, 2), groups=512)
          (1): GELU(approximate='none')
        )
        (dconv2): Sequential(
          (0): Conv2d(512, 512, kernel_size=(3, 3), stride=(1, 1), padding=(4, 4), dilation=(4, 4), groups=512)
          (1): GELU(approximate='none')
        )
        (dconv3): Sequential(
          (0): Conv2d(512, 512, kernel_size=(3, 3), stride=(1, 1), padding=(8, 8), dilation=(8, 8), groups=512)
          (1): GELU(approximate='none')
        )
        (sca): Sequential(
          (0): AdaptiveAvgPool2d(output_size=1)
          (1): Conv2d(512, 512, kernel_size=(1, 1), stride=(1, 1))
        )
        (sg): SimpleGate()
        (conv4): Conv2d(512, 1024, kernel_size=(1, 1), stride=(1, 1))
        (conv5): Conv2d(512, 512, kernel_size=(1, 1), stride=(1, 1))
        (norm1): LayerNorm()
        (norm2): LayerNorm()
        (dropout1): Identity()
        (dropout2): Identity()
        (fusion): Fusion(
          (sa): SpatialAttention(
            (sa): Conv2d(2, 1, kernel_size=(7, 7), stride=(1, 1), padding=(3, 3), padding_mode=reflect)
          )
          (ca): ChannelAttention(
            (gap): AdaptiveAvgPool2d(output_size=1)
            (ca): Sequential(
              (0): Conv2d(512, 64, kernel_size=(1, 1), stride=(1, 1))
              (1): ReLU(inplace=True)
              (2): Conv2d(64, 512, kernel_size=(1, 1), stride=(1, 1))
            )
          )
          (pa): PA(
            (conv): Conv2d(512, 512, kernel_size=(1, 1), stride=(1, 1))
            (sigmoid): Sigmoid()
          )
          (conv): Conv2d(512, 512, kernel_size=(1, 1), stride=(1, 1))
          (sigmoid): Sigmoid()
        )
        (gelu): GELU(approximate='none')
      )
      (27): CFBlock(
        (mlp): Sequential(
          (0): SimpleGate()
          (1): Linear(in_features=128, out_features=2048, bias=True)
        )
        (conv1): Conv2d(512, 1024, kernel_size=(1, 1), stride=(1, 1))
        (conv2): Conv2d(1024, 1024, kernel_size=(3, 3), stride=(1, 1), padding=(1, 1), groups=1024)
        (conv3): Conv2d(512, 512, kernel_size=(3, 3), stride=(1, 1), padding=(1, 1), groups=512)
        (dconv1): Sequential(
          (0): Conv2d(512, 512, kernel_size=(3, 3), stride=(1, 1), padding=(2, 2), dilation=(2, 2), groups=512)
          (1): GELU(approximate='none')
        )
        (dconv2): Sequential(
          (0): Conv2d(512, 512, kernel_size=(3, 3), stride=(1, 1), padding=(4, 4), dilation=(4, 4), groups=512)
          (1): GELU(approximate='none')
        )
        (dconv3): Sequential(
          (0): Conv2d(512, 512, kernel_size=(3, 3), stride=(1, 1), padding=(8, 8), dilation=(8, 8), groups=512)
          (1): GELU(approximate='none')
        )
        (sca): Sequential(
          (0): AdaptiveAvgPool2d(output_size=1)
          (1): Conv2d(512, 512, kernel_size=(1, 1), stride=(1, 1))
        )
        (sg): SimpleGate()
        (conv4): Conv2d(512, 1024, kernel_size=(1, 1), stride=(1, 1))
        (conv5): Conv2d(512, 512, kernel_size=(1, 1), stride=(1, 1))
        (norm1): LayerNorm()
        (norm2): LayerNorm()
        (dropout1): Identity()
        (dropout2): Identity()
        (fusion): Fusion(
          (sa): SpatialAttention(
            (sa): Conv2d(2, 1, kernel_size=(7, 7), stride=(1, 1), padding=(3, 3), padding_mode=reflect)
          )
          (ca): ChannelAttention(
            (gap): AdaptiveAvgPool2d(output_size=1)
            (ca): Sequential(
              (0): Conv2d(512, 64, kernel_size=(1, 1), stride=(1, 1))
              (1): ReLU(inplace=True)
              (2): Conv2d(64, 512, kernel_size=(1, 1), stride=(1, 1))
            )
          )
          (pa): PA(
            (conv): Conv2d(512, 512, kernel_size=(1, 1), stride=(1, 1))
            (sigmoid): Sigmoid()
          )
          (conv): Conv2d(512, 512, kernel_size=(1, 1), stride=(1, 1))
          (sigmoid): Sigmoid()
        )
        (gelu): GELU(approximate='none')
      )
    )
  )
  (decoders): ModuleList(
    (0): Sequential(
      (0): CFBlock(
        (mlp): Sequential(
          (0): SimpleGate()
          (1): Linear(in_features=128, out_features=2048, bias=True)
        )
        (conv1): Conv2d(512, 1024, kernel_size=(1, 1), stride=(1, 1))
        (conv2): Conv2d(1024, 1024, kernel_size=(3, 3), stride=(1, 1), padding=(1, 1), groups=1024)
        (conv3): Conv2d(512, 512, kernel_size=(3, 3), stride=(1, 1), padding=(1, 1), groups=512)
        (dconv1): Sequential(
          (0): Conv2d(512, 512, kernel_size=(3, 3), stride=(1, 1), padding=(2, 2), dilation=(2, 2), groups=512)
          (1): GELU(approximate='none')
        )
        (dconv2): Sequential(
          (0): Conv2d(512, 512, kernel_size=(3, 3), stride=(1, 1), padding=(4, 4), dilation=(4, 4), groups=512)
          (1): GELU(approximate='none')
        )
        (dconv3): Sequential(
          (0): Conv2d(512, 512, kernel_size=(3, 3), stride=(1, 1), padding=(8, 8), dilation=(8, 8), groups=512)
          (1): GELU(approximate='none')
        )
        (sca): Sequential(
          (0): AdaptiveAvgPool2d(output_size=1)
          (1): Conv2d(512, 512, kernel_size=(1, 1), stride=(1, 1))
        )
        (sg): SimpleGate()
        (conv4): Conv2d(512, 1024, kernel_size=(1, 1), stride=(1, 1))
        (conv5): Conv2d(512, 512, kernel_size=(1, 1), stride=(1, 1))
        (norm1): LayerNorm()
        (norm2): LayerNorm()
        (dropout1): Identity()
        (dropout2): Identity()
        (fusion): Fusion(
          (sa): SpatialAttention(
            (sa): Conv2d(2, 1, kernel_size=(7, 7), stride=(1, 1), padding=(3, 3), padding_mode=reflect)
          )
          (ca): ChannelAttention(
            (gap): AdaptiveAvgPool2d(output_size=1)
            (ca): Sequential(
              (0): Conv2d(512, 64, kernel_size=(1, 1), stride=(1, 1))
              (1): ReLU(inplace=True)
              (2): Conv2d(64, 512, kernel_size=(1, 1), stride=(1, 1))
            )
          )
          (pa): PA(
            (conv): Conv2d(512, 512, kernel_size=(1, 1), stride=(1, 1))
            (sigmoid): Sigmoid()
          )
          (conv): Conv2d(512, 512, kernel_size=(1, 1), stride=(1, 1))
          (sigmoid): Sigmoid()
        )
        (gelu): GELU(approximate='none')
      )
    )
    (1): Sequential(
      (0): CFBlock(
        (mlp): Sequential(
          (0): SimpleGate()
          (1): Linear(in_features=128, out_features=1024, bias=True)
        )
        (conv1): Conv2d(256, 512, kernel_size=(1, 1), stride=(1, 1))
        (conv2): Conv2d(512, 512, kernel_size=(3, 3), stride=(1, 1), padding=(1, 1), groups=512)
        (conv3): Conv2d(256, 256, kernel_size=(3, 3), stride=(1, 1), padding=(1, 1), groups=256)
        (dconv1): Sequential(
          (0): Conv2d(256, 256, kernel_size=(3, 3), stride=(1, 1), padding=(2, 2), dilation=(2, 2), groups=256)
          (1): GELU(approximate='none')
        )
        (dconv2): Sequential(
          (0): Conv2d(256, 256, kernel_size=(3, 3), stride=(1, 1), padding=(4, 4), dilation=(4, 4), groups=256)
          (1): GELU(approximate='none')
        )
        (dconv3): Sequential(
          (0): Conv2d(256, 256, kernel_size=(3, 3), stride=(1, 1), padding=(8, 8), dilation=(8, 8), groups=256)
          (1): GELU(approximate='none')
        )
        (sca): Sequential(
          (0): AdaptiveAvgPool2d(output_size=1)
          (1): Conv2d(256, 256, kernel_size=(1, 1), stride=(1, 1))
        )
        (sg): SimpleGate()
        (conv4): Conv2d(256, 512, kernel_size=(1, 1), stride=(1, 1))
        (conv5): Conv2d(256, 256, kernel_size=(1, 1), stride=(1, 1))
        (norm1): LayerNorm()
        (norm2): LayerNorm()
        (dropout1): Identity()
        (dropout2): Identity()
        (fusion): Fusion(
          (sa): SpatialAttention(
            (sa): Conv2d(2, 1, kernel_size=(7, 7), stride=(1, 1), padding=(3, 3), padding_mode=reflect)
          )
          (ca): ChannelAttention(
            (gap): AdaptiveAvgPool2d(output_size=1)
            (ca): Sequential(
              (0): Conv2d(256, 32, kernel_size=(1, 1), stride=(1, 1))
              (1): ReLU(inplace=True)
              (2): Conv2d(32, 256, kernel_size=(1, 1), stride=(1, 1))
            )
          )
          (pa): PA(
            (conv): Conv2d(256, 256, kernel_size=(1, 1), stride=(1, 1))
            (sigmoid): Sigmoid()
          )
          (conv): Conv2d(256, 256, kernel_size=(1, 1), stride=(1, 1))
          (sigmoid): Sigmoid()
        )
        (gelu): GELU(approximate='none')
      )
    )
    (2): Sequential(
      (0): CFBlock(
        (mlp): Sequential(
          (0): SimpleGate()
          (1): Linear(in_features=128, out_features=512, bias=True)
        )
        (conv1): Conv2d(128, 256, kernel_size=(1, 1), stride=(1, 1))
        (conv2): Conv2d(256, 256, kernel_size=(3, 3), stride=(1, 1), padding=(1, 1), groups=256)
        (conv3): Conv2d(128, 128, kernel_size=(3, 3), stride=(1, 1), padding=(1, 1), groups=128)
        (dconv1): Sequential(
          (0): Conv2d(128, 128, kernel_size=(3, 3), stride=(1, 1), padding=(2, 2), dilation=(2, 2), groups=128)
          (1): GELU(approximate='none')
        )
        (dconv2): Sequential(
          (0): Conv2d(128, 128, kernel_size=(3, 3), stride=(1, 1), padding=(4, 4), dilation=(4, 4), groups=128)
          (1): GELU(approximate='none')
        )
        (dconv3): Sequential(
          (0): Conv2d(128, 128, kernel_size=(3, 3), stride=(1, 1), padding=(8, 8), dilation=(8, 8), groups=128)
          (1): GELU(approximate='none')
        )
        (sca): Sequential(
          (0): AdaptiveAvgPool2d(output_size=1)
          (1): Conv2d(128, 128, kernel_size=(1, 1), stride=(1, 1))
        )
        (sg): SimpleGate()
        (conv4): Conv2d(128, 256, kernel_size=(1, 1), stride=(1, 1))
        (conv5): Conv2d(128, 128, kernel_size=(1, 1), stride=(1, 1))
        (norm1): LayerNorm()
        (norm2): LayerNorm()
        (dropout1): Identity()
        (dropout2): Identity()
        (fusion): Fusion(
          (sa): SpatialAttention(
            (sa): Conv2d(2, 1, kernel_size=(7, 7), stride=(1, 1), padding=(3, 3), padding_mode=reflect)
          )
          (ca): ChannelAttention(
            (gap): AdaptiveAvgPool2d(output_size=1)
            (ca): Sequential(
              (0): Conv2d(128, 16, kernel_size=(1, 1), stride=(1, 1))
              (1): ReLU(inplace=True)
              (2): Conv2d(16, 128, kernel_size=(1, 1), stride=(1, 1))
            )
          )
          (pa): PA(
            (conv): Conv2d(128, 128, kernel_size=(1, 1), stride=(1, 1))
            (sigmoid): Sigmoid()
          )
          (conv): Conv2d(128, 128, kernel_size=(1, 1), stride=(1, 1))
          (sigmoid): Sigmoid()
        )
        (gelu): GELU(approximate='none')
      )
    )
    (3): Sequential(
      (0): CFBlock(
        (mlp): Sequential(
          (0): SimpleGate()
          (1): Linear(in_features=128, out_features=256, bias=True)
        )
        (conv1): Conv2d(64, 128, kernel_size=(1, 1), stride=(1, 1))
        (conv2): Conv2d(128, 128, kernel_size=(3, 3), stride=(1, 1), padding=(1, 1), groups=128)
        (conv3): Conv2d(64, 64, kernel_size=(3, 3), stride=(1, 1), padding=(1, 1), groups=64)
        (dconv1): Sequential(
          (0): Conv2d(64, 64, kernel_size=(3, 3), stride=(1, 1), padding=(2, 2), dilation=(2, 2), groups=64)
          (1): GELU(approximate='none')
        )
        (dconv2): Sequential(
          (0): Conv2d(64, 64, kernel_size=(3, 3), stride=(1, 1), padding=(4, 4), dilation=(4, 4), groups=64)
          (1): GELU(approximate='none')
        )
        (dconv3): Sequential(
          (0): Conv2d(64, 64, kernel_size=(3, 3), stride=(1, 1), padding=(8, 8), dilation=(8, 8), groups=64)
          (1): GELU(approximate='none')
        )
        (sca): Sequential(
          (0): AdaptiveAvgPool2d(output_size=1)
          (1): Conv2d(64, 64, kernel_size=(1, 1), stride=(1, 1))
        )
        (sg): SimpleGate()
        (conv4): Conv2d(64, 128, kernel_size=(1, 1), stride=(1, 1))
        (conv5): Conv2d(64, 64, kernel_size=(1, 1), stride=(1, 1))
        (norm1): LayerNorm()
        (norm2): LayerNorm()
        (dropout1): Identity()
        (dropout2): Identity()
        (fusion): Fusion(
          (sa): SpatialAttention(
            (sa): Conv2d(2, 1, kernel_size=(7, 7), stride=(1, 1), padding=(3, 3), padding_mode=reflect)
          )
          (ca): ChannelAttention(
            (gap): AdaptiveAvgPool2d(output_size=1)
            (ca): Sequential(
              (0): Conv2d(64, 8, kernel_size=(1, 1), stride=(1, 1))
              (1): ReLU(inplace=True)
              (2): Conv2d(8, 64, kernel_size=(1, 1), stride=(1, 1))
            )
          )
          (pa): PA(
            (conv): Conv2d(64, 64, kernel_size=(1, 1), stride=(1, 1))
            (sigmoid): Sigmoid()
          )
          (conv): Conv2d(64, 64, kernel_size=(1, 1), stride=(1, 1))
          (sigmoid): Sigmoid()
        )
        (gelu): GELU(approximate='none')
      )
    )
  )
  (middle_blks): Sequential(
    (0): CFBlock(
      (mlp): Sequential(
        (0): SimpleGate()
        (1): Linear(in_features=128, out_features=4096, bias=True)
      )
      (conv1): Conv2d(1024, 2048, kernel_size=(1, 1), stride=(1, 1))
      (conv2): Conv2d(2048, 2048, kernel_size=(3, 3), stride=(1, 1), padding=(1, 1), groups=2048)
      (conv3): Conv2d(1024, 1024, kernel_size=(3, 3), stride=(1, 1), padding=(1, 1), groups=1024)
      (dconv1): Sequential(
        (0): Conv2d(1024, 1024, kernel_size=(3, 3), stride=(1, 1), padding=(2, 2), dilation=(2, 2), groups=1024)
        (1): GELU(approximate='none')
      )
      (dconv2): Sequential(
        (0): Conv2d(1024, 1024, kernel_size=(3, 3), stride=(1, 1), padding=(4, 4), dilation=(4, 4), groups=1024)
        (1): GELU(approximate='none')
      )
      (dconv3): Sequential(
        (0): Conv2d(1024, 1024, kernel_size=(3, 3), stride=(1, 1), padding=(8, 8), dilation=(8, 8), groups=1024)
        (1): GELU(approximate='none')
      )
      (sca): Sequential(
        (0): AdaptiveAvgPool2d(output_size=1)
        (1): Conv2d(1024, 1024, kernel_size=(1, 1), stride=(1, 1))
      )
      (sg): SimpleGate()
      (conv4): Conv2d(1024, 2048, kernel_size=(1, 1), stride=(1, 1))
      (conv5): Conv2d(1024, 1024, kernel_size=(1, 1), stride=(1, 1))
      (norm1): LayerNorm()
      (norm2): LayerNorm()
      (dropout1): Identity()
      (dropout2): Identity()
      (fusion): Fusion(
        (sa): SpatialAttention(
          (sa): Conv2d(2, 1, kernel_size=(7, 7), stride=(1, 1), padding=(3, 3), padding_mode=reflect)
        )
        (ca): ChannelAttention(
          (gap): AdaptiveAvgPool2d(output_size=1)
          (ca): Sequential(
            (0): Conv2d(1024, 128, kernel_size=(1, 1), stride=(1, 1))
            (1): ReLU(inplace=True)
            (2): Conv2d(128, 1024, kernel_size=(1, 1), stride=(1, 1))
          )
        )
        (pa): PA(
          (conv): Conv2d(1024, 1024, kernel_size=(1, 1), stride=(1, 1))
          (sigmoid): Sigmoid()
        )
        (conv): Conv2d(1024, 1024, kernel_size=(1, 1), stride=(1, 1))
        (sigmoid): Sigmoid()
      )
      (gelu): GELU(approximate='none')
    )
  )
  (ups): ModuleList(
    (0): Sequential(
      (0): Conv2d(1024, 2048, kernel_size=(1, 1), stride=(1, 1), bias=False)
      (1): PixelShuffle(upscale_factor=2)
    )
    (1): Sequential(
      (0): Conv2d(512, 1024, kernel_size=(1, 1), stride=(1, 1), bias=False)
      (1): PixelShuffle(upscale_factor=2)
    )
    (2): Sequential(
      (0): Conv2d(256, 512, kernel_size=(1, 1), stride=(1, 1), bias=False)
      (1): PixelShuffle(upscale_factor=2)
    )
    (3): Sequential(
      (0): Conv2d(128, 256, kernel_size=(1, 1), stride=(1, 1), bias=False)
      (1): PixelShuffle(upscale_factor=2)
    )
  )
  (downs): ModuleList(
    (0): Conv2d(64, 128, kernel_size=(2, 2), stride=(2, 2))
    (1): Conv2d(128, 256, kernel_size=(2, 2), stride=(2, 2))
    (2): Conv2d(256, 512, kernel_size=(2, 2), stride=(2, 2))
    (3): Conv2d(512, 1024, kernel_size=(2, 2), stride=(2, 2))
  )
)
26-07-28 10:27:31.452 - INFO: Model [DenoisingModel] is created.
26-07-28 10:27:31.460 - INFO: Start training from epoch: 0, iter: 0
26-07-28 10:28:05.348 - INFO: <epoch:  1, iter:     100, lr:4.000e-05> loss: 2.3235e+00 
26-07-28 10:28:28.131 - INFO: <epoch:  3, iter:     200, lr:4.000e-05> loss: 1.6263e+00 
26-07-28 10:28:51.603 - INFO: <epoch:  5, iter:     300, lr:3.999e-05> loss: 3.8921e-01 
26-07-28 10:29:14.793 - INFO: <epoch:  7, iter:     400, lr:3.998e-05> loss: 1.8080e-01 
26-07-28 10:29:38.012 - INFO: <epoch:  9, iter:     500, lr:3.997e-05> loss: 6.2546e-02 
26-07-28 10:30:01.655 - INFO: <epoch: 11, iter:     600, lr:3.996e-05> loss: 5.8363e-02 
26-07-28 10:30:24.925 - INFO: <epoch: 13, iter:     700, lr:3.995e-05> loss: 3.8672e-02 
26-07-28 10:30:48.294 - INFO: <epoch: 15, iter:     800, lr:3.993e-05> loss: 2.7869e-02 
26-07-28 10:31:11.707 - INFO: <epoch: 17, iter:     900, lr:3.991e-05> loss: 2.0097e-02 
26-07-28 10:31:34.664 - INFO: <epoch: 19, iter:   1,000, lr:3.989e-05> loss: 2.2434e-02 
26-07-28 10:31:57.179 - INFO: <epoch: 21, iter:   1,100, lr:3.987e-05> loss: 2.1772e-02 
26-07-28 10:32:19.379 - INFO: <epoch: 23, iter:   1,200, lr:3.984e-05> loss: 2.1181e-02 
26-07-28 10:32:41.682 - INFO: <epoch: 25, iter:   1,300, lr:3.982e-05> loss: 1.2357e-02 
26-07-28 10:33:03.903 - INFO: <epoch: 27, iter:   1,400, lr:3.979e-05> loss: 1.8944e-02 
26-07-28 10:33:25.942 - INFO: <epoch: 29, iter:   1,500, lr:3.975e-05> loss: 1.1646e-02 
26-07-28 10:33:47.940 - INFO: <epoch: 31, iter:   1,600, lr:3.972e-05> loss: 1.5222e-02 
26-07-28 10:34:09.785 - INFO: <epoch: 33, iter:   1,700, lr:3.968e-05> loss: 6.5583e-03 
26-07-28 10:34:31.885 - INFO: <epoch: 35, iter:   1,800, lr:3.965e-05> loss: 1.3380e-02 
26-07-28 10:34:54.199 - INFO: <epoch: 37, iter:   1,900, lr:3.961e-05> loss: 1.0858e-02 
26-07-28 10:35:16.244 - INFO: <epoch: 39, iter:   2,000, lr:3.956e-05> loss: 1.4463e-02 
26-07-28 10:35:38.149 - INFO: <epoch: 41, iter:   2,100, lr:3.952e-05> loss: 7.0178e-03 
26-07-28 10:36:00.042 - INFO: <epoch: 43, iter:   2,200, lr:3.947e-05> loss: 6.7469e-03 
26-07-28 10:36:21.810 - INFO: <epoch: 45, iter:   2,300, lr:3.942e-05> loss: 2.0264e-02 
26-07-28 10:36:44.092 - INFO: <epoch: 47, iter:   2,400, lr:3.937e-05> loss: 1.0721e-02 
26-07-28 10:37:06.359 - INFO: <epoch: 49, iter:   2,500, lr:3.932e-05> loss: 3.5638e-03 
26-07-28 10:37:28.450 - INFO: <epoch: 51, iter:   2,600, lr:3.927e-05> loss: 1.7268e-02 
26-07-28 10:37:50.704 - INFO: <epoch: 53, iter:   2,700, lr:3.921e-05> loss: 6.4030e-03 
26-07-28 10:38:12.763 - INFO: <epoch: 55, iter:   2,800, lr:3.915e-05> loss: 1.4031e-02 
26-07-28 10:38:34.897 - INFO: <epoch: 57, iter:   2,900, lr:3.909e-05> loss: 8.2969e-03 
26-07-28 10:38:57.232 - INFO: <epoch: 59, iter:   3,000, lr:3.902e-05> loss: 4.5305e-03 
26-07-28 10:39:19.784 - INFO: <epoch: 61, iter:   3,100, lr:3.896e-05> loss: 1.2165e-02 
26-07-28 10:39:41.785 - INFO: <epoch: 63, iter:   3,200, lr:3.889e-05> loss: 8.8078e-03 
26-07-28 10:40:03.863 - INFO: <epoch: 65, iter:   3,300, lr:3.882e-05> loss: 2.9005e-03 
26-07-28 10:40:25.809 - INFO: <epoch: 67, iter:   3,400, lr:3.875e-05> loss: 8.8982e-03 
26-07-28 10:40:48.059 - INFO: <epoch: 69, iter:   3,500, lr:3.867e-05> loss: 8.2731e-03 
26-07-28 10:41:10.282 - INFO: <epoch: 71, iter:   3,600, lr:3.860e-05> loss: 3.2193e-03 
26-07-28 10:41:32.178 - INFO: <epoch: 73, iter:   3,700, lr:3.852e-05> loss: 8.3690e-03 
26-07-28 10:41:54.264 - INFO: <epoch: 75, iter:   3,800, lr:3.844e-05> loss: 4.8116e-03 
26-07-28 10:42:16.154 - INFO: <epoch: 77, iter:   3,900, lr:3.836e-05> loss: 7.3868e-03 
26-07-28 10:42:38.082 - INFO: <epoch: 79, iter:   4,000, lr:3.828e-05> loss: 2.1292e-03 
26-07-28 10:43:00.358 - INFO: <epoch: 81, iter:   4,100, lr:3.819e-05> loss: 3.5984e-03 
26-07-28 10:43:22.440 - INFO: <epoch: 83, iter:   4,200, lr:3.810e-05> loss: 6.0202e-03 
26-07-28 10:43:44.698 - INFO: <epoch: 85, iter:   4,300, lr:3.801e-05> loss: 6.4136e-03 
26-07-28 10:44:06.933 - INFO: <epoch: 87, iter:   4,400, lr:3.792e-05> loss: 9.5454e-03 
26-07-28 10:44:29.252 - INFO: <epoch: 89, iter:   4,500, lr:3.783e-05> loss: 6.1196e-03 
26-07-28 10:44:51.547 - INFO: <epoch: 91, iter:   4,600, lr:3.773e-05> loss: 5.8920e-03 
26-07-28 10:45:13.989 - INFO: <epoch: 93, iter:   4,700, lr:3.763e-05> loss: 6.6397e-03 
26-07-28 10:45:35.950 - INFO: <epoch: 95, iter:   4,800, lr:3.753e-05> loss: 1.1462e-02 
26-07-28 10:45:57.999 - INFO: <epoch: 97, iter:   4,900, lr:3.743e-05> loss: 4.6312e-03 
26-07-28 10:46:19.938 - INFO: <epoch: 99, iter:   5,000, lr:3.733e-05> loss: 4.7298e-03 
26-07-28 11:02:39.767 - INFO: # Validation # PSNR: 30.210435, Best PSNR: 30.210435| Iter: 5000
26-07-28 11:02:39.768 - INFO: Saving models and training states.
26-07-28 11:03:14.238 - INFO: <epoch:101, iter:   5,100, lr:3.722e-05> loss: 2.3784e-03 
26-07-28 11:03:36.539 - INFO: <epoch:103, iter:   5,200, lr:3.711e-05> loss: 8.4704e-03 
26-07-28 11:03:58.804 - INFO: <epoch:105, iter:   5,300, lr:3.701e-05> loss: 4.2922e-03 
26-07-28 11:04:20.955 - INFO: <epoch:107, iter:   5,400, lr:3.689e-05> loss: 3.7480e-03 
26-07-28 11:04:43.080 - INFO: <epoch:109, iter:   5,500, lr:3.678e-05> loss: 6.8561e-03 
26-07-28 11:05:05.138 - INFO: <epoch:111, iter:   5,600, lr:3.667e-05> loss: 8.7046e-03 
26-07-28 11:05:27.535 - INFO: <epoch:113, iter:   5,700, lr:3.655e-05> loss: 5.0695e-03 
26-07-28 11:05:49.961 - INFO: <epoch:115, iter:   5,800, lr:3.643e-05> loss: 5.3889e-03 
26-07-28 11:06:12.507 - INFO: <epoch:117, iter:   5,900, lr:3.631e-05> loss: 6.2251e-03 
26-07-28 11:06:34.620 - INFO: <epoch:119, iter:   6,000, lr:3.619e-05> loss: 6.3215e-03 
26-07-28 11:06:56.799 - INFO: <epoch:121, iter:   6,100, lr:3.607e-05> loss: 1.3947e-02 
26-07-28 11:07:18.996 - INFO: <epoch:123, iter:   6,200, lr:3.594e-05> loss: 7.6723e-03 
26-07-28 11:07:41.270 - INFO: <epoch:125, iter:   6,300, lr:3.581e-05> loss: 8.6981e-03 
26-07-28 11:08:03.855 - INFO: <epoch:127, iter:   6,400, lr:3.568e-05> loss: 7.6481e-03 
26-07-28 11:08:26.238 - INFO: <epoch:129, iter:   6,500, lr:3.555e-05> loss: 4.5073e-03 
26-07-28 11:08:48.374 - INFO: <epoch:131, iter:   6,600, lr:3.542e-05> loss: 6.9547e-03 
26-07-28 11:09:10.519 - INFO: <epoch:133, iter:   6,700, lr:3.529e-05> loss: 1.2728e-02 
26-07-28 11:09:33.084 - INFO: <epoch:135, iter:   6,800, lr:3.515e-05> loss: 6.6491e-03 
26-07-28 11:09:56.150 - INFO: <epoch:137, iter:   6,900, lr:3.501e-05> loss: 1.4455e-03 
26-07-28 11:10:19.208 - INFO: <epoch:139, iter:   7,000, lr:3.488e-05> loss: 2.8611e-03 
26-07-28 11:10:41.595 - INFO: <epoch:141, iter:   7,100, lr:3.474e-05> loss: 1.5182e-03 
26-07-28 11:11:03.756 - INFO: <epoch:143, iter:   7,200, lr:3.459e-05> loss: 2.2876e-03 
26-07-28 11:11:25.843 - INFO: <epoch:145, iter:   7,300, lr:3.445e-05> loss: 9.0554e-03 
26-07-28 11:11:48.100 - INFO: <epoch:147, iter:   7,400, lr:3.430e-05> loss: 8.4994e-03 
26-07-28 11:12:10.632 - INFO: <epoch:149, iter:   7,500, lr:3.416e-05> loss: 2.8095e-03 
26-07-28 11:12:32.937 - INFO: <epoch:151, iter:   7,600, lr:3.401e-05> loss: 3.6270e-03 
26-07-28 11:12:55.406 - INFO: <epoch:153, iter:   7,700, lr:3.386e-05> loss: 1.5503e-03 
26-07-28 11:13:17.692 - INFO: <epoch:155, iter:   7,800, lr:3.371e-05> loss: 7.1329e-03 
26-07-28 11:13:40.107 - INFO: <epoch:157, iter:   7,900, lr:3.355e-05> loss: 4.7537e-03 
26-07-28 11:14:02.503 - INFO: <epoch:159, iter:   8,000, lr:3.340e-05> loss: 2.7578e-03 
26-07-28 11:14:24.609 - INFO: <epoch:161, iter:   8,100, lr:3.324e-05> loss: 8.1573e-03 
26-07-28 11:14:46.941 - INFO: <epoch:163, iter:   8,200, lr:3.309e-05> loss: 1.0949e-02 
26-07-28 11:15:09.218 - INFO: <epoch:165, iter:   8,300, lr:3.293e-05> loss: 5.2046e-03 
26-07-28 11:15:31.353 - INFO: <epoch:167, iter:   8,400, lr:3.277e-05> loss: 9.2316e-03 
26-07-28 11:15:53.694 - INFO: <epoch:169, iter:   8,500, lr:3.260e-05> loss: 3.2665e-03 
26-07-28 11:16:16.258 - INFO: <epoch:171, iter:   8,600, lr:3.244e-05> loss: 9.4911e-03 
26-07-28 11:16:38.507 - INFO: <epoch:173, iter:   8,700, lr:3.228e-05> loss: 7.7900e-03 
26-07-28 11:17:00.882 - INFO: <epoch:175, iter:   8,800, lr:3.211e-05> loss: 3.0676e-03 
26-07-28 11:17:23.174 - INFO: <epoch:177, iter:   8,900, lr:3.194e-05> loss: 3.9262e-03 
26-07-28 11:17:45.536 - INFO: <epoch:179, iter:   9,000, lr:3.178e-05> loss: 6.2834e-03 
26-07-28 11:18:07.955 - INFO: <epoch:181, iter:   9,100, lr:3.161e-05> loss: 6.6651e-03 
26-07-28 11:18:30.204 - INFO: <epoch:183, iter:   9,200, lr:3.144e-05> loss: 1.2055e-02 
26-07-28 11:18:52.472 - INFO: <epoch:185, iter:   9,300, lr:3.126e-05> loss: 3.1871e-03 
26-07-28 11:19:14.563 - INFO: <epoch:187, iter:   9,400, lr:3.109e-05> loss: 6.3097e-03 
26-07-28 11:19:36.617 - INFO: <epoch:189, iter:   9,500, lr:3.092e-05> loss: 4.0638e-03 
26-07-28 11:19:58.877 - INFO: <epoch:191, iter:   9,600, lr:3.074e-05> loss: 2.6621e-03 
26-07-28 11:20:21.180 - INFO: <epoch:193, iter:   9,700, lr:3.056e-05> loss: 7.9872e-03 
26-07-28 11:20:43.385 - INFO: <epoch:195, iter:   9,800, lr:3.038e-05> loss: 8.8928e-03 
26-07-28 11:21:05.560 - INFO: <epoch:197, iter:   9,900, lr:3.021e-05> loss: 2.4017e-03 
26-07-28 11:21:27.669 - INFO: <epoch:199, iter:  10,000, lr:3.003e-05> loss: 1.0121e-02 
26-07-28 11:37:46.695 - INFO: # Validation # PSNR: 32.062491, Best PSNR: 32.062491| Iter: 10000
26-07-28 11:37:46.696 - INFO: Saving models and training states.
26-07-28 11:38:21.321 - INFO: <epoch:201, iter:  10,100, lr:2.984e-05> loss: 1.2169e-02 
26-07-28 11:38:43.992 - INFO: <epoch:203, iter:  10,200, lr:2.966e-05> loss: 3.3365e-03 
26-07-28 11:39:06.483 - INFO: <epoch:205, iter:  10,300, lr:2.948e-05> loss: 2.9673e-03 
26-07-28 11:39:29.026 - INFO: <epoch:207, iter:  10,400, lr:2.929e-05> loss: 5.4393e-03 
26-07-28 11:39:51.385 - INFO: <epoch:209, iter:  10,500, lr:2.911e-05> loss: 6.6081e-03 
26-07-28 11:40:13.731 - INFO: <epoch:211, iter:  10,600, lr:2.892e-05> loss: 7.6599e-03 
26-07-28 11:40:36.294 - INFO: <epoch:213, iter:  10,700, lr:2.873e-05> loss: 2.9065e-03 
26-07-28 11:40:59.139 - INFO: <epoch:215, iter:  10,800, lr:2.854e-05> loss: 4.5602e-03 
26-07-28 11:41:21.920 - INFO: <epoch:217, iter:  10,900, lr:2.835e-05> loss: 2.8209e-03 
26-07-28 11:41:44.341 - INFO: <epoch:219, iter:  11,000, lr:2.816e-05> loss: 2.8436e-03 
26-07-28 11:42:06.705 - INFO: <epoch:221, iter:  11,100, lr:2.797e-05> loss: 5.7671e-03 
26-07-28 11:42:29.325 - INFO: <epoch:223, iter:  11,200, lr:2.778e-05> loss: 3.2063e-03 
26-07-28 11:42:51.939 - INFO: <epoch:225, iter:  11,300, lr:2.759e-05> loss: 1.6899e-03 
26-07-28 11:43:14.544 - INFO: <epoch:227, iter:  11,400, lr:2.739e-05> loss: 1.1124e-02 
26-07-28 11:43:37.046 - INFO: <epoch:229, iter:  11,500, lr:2.720e-05> loss: 5.4466e-03 
26-07-28 11:43:59.398 - INFO: <epoch:231, iter:  11,600, lr:2.700e-05> loss: 3.4689e-03 
26-07-28 11:44:21.833 - INFO: <epoch:233, iter:  11,700, lr:2.681e-05> loss: 1.4283e-03 
26-07-28 11:44:44.414 - INFO: <epoch:235, iter:  11,800, lr:2.661e-05> loss: 4.9445e-03 
26-07-28 11:45:07.079 - INFO: <epoch:237, iter:  11,900, lr:2.641e-05> loss: 2.6099e-03 
26-07-28 11:45:29.673 - INFO: <epoch:239, iter:  12,000, lr:2.621e-05> loss: 5.4797e-03 
26-07-28 11:45:52.122 - INFO: <epoch:241, iter:  12,100, lr:2.602e-05> loss: 6.2638e-03 
26-07-28 11:46:14.389 - INFO: <epoch:243, iter:  12,200, lr:2.582e-05> loss: 3.8507e-03 
26-07-28 11:46:37.005 - INFO: <epoch:245, iter:  12,300, lr:2.562e-05> loss: 5.3847e-03 
26-07-28 11:46:59.620 - INFO: <epoch:247, iter:  12,400, lr:2.541e-05> loss: 2.2831e-03 
26-07-28 11:47:22.217 - INFO: <epoch:249, iter:  12,500, lr:2.521e-05> loss: 3.2299e-03 
26-07-28 11:47:44.843 - INFO: <epoch:251, iter:  12,600, lr:2.501e-05> loss: 4.7116e-03 
26-07-28 11:48:07.276 - INFO: <epoch:253, iter:  12,700, lr:2.481e-05> loss: 1.0362e-02 
26-07-28 11:48:29.726 - INFO: <epoch:255, iter:  12,800, lr:2.461e-05> loss: 6.6388e-03 
26-07-28 11:48:52.302 - INFO: <epoch:257, iter:  12,900, lr:2.440e-05> loss: 3.3824e-03 
26-07-28 11:49:15.047 - INFO: <epoch:259, iter:  13,000, lr:2.420e-05> loss: 3.3303e-03 
26-07-28 11:49:37.549 - INFO: <epoch:261, iter:  13,100, lr:2.399e-05> loss: 1.5832e-03 
26-07-28 11:49:59.845 - INFO: <epoch:263, iter:  13,200, lr:2.379e-05> loss: 7.9991e-03 
26-07-28 11:50:22.411 - INFO: <epoch:265, iter:  13,300, lr:2.358e-05> loss: 3.9462e-03 
26-07-28 11:50:44.926 - INFO: <epoch:267, iter:  13,400, lr:2.338e-05> loss: 4.9860e-03 
26-07-28 11:51:07.562 - INFO: <epoch:269, iter:  13,500, lr:2.317e-05> loss: 2.8637e-03 
26-07-28 11:51:30.344 - INFO: <epoch:271, iter:  13,600, lr:2.296e-05> loss: 2.1933e-03 
26-07-28 11:51:52.797 - INFO: <epoch:273, iter:  13,700, lr:2.276e-05> loss: 5.4876e-03 
26-07-28 11:52:15.153 - INFO: <epoch:275, iter:  13,800, lr:2.255e-05> loss: 6.2504e-03 
26-07-28 11:52:37.927 - INFO: <epoch:277, iter:  13,900, lr:2.234e-05> loss: 3.3940e-03 
26-07-28 11:53:00.304 - INFO: <epoch:279, iter:  14,000, lr:2.214e-05> loss: 4.1332e-03 
26-07-28 11:53:22.930 - INFO: <epoch:281, iter:  14,100, lr:2.193e-05> loss: 5.3120e-03 
26-07-28 11:53:45.525 - INFO: <epoch:283, iter:  14,200, lr:2.172e-05> loss: 3.2087e-03 
26-07-28 11:54:08.074 - INFO: <epoch:285, iter:  14,300, lr:2.151e-05> loss: 8.2755e-03 
26-07-28 11:54:30.499 - INFO: <epoch:287, iter:  14,400, lr:2.130e-05> loss: 4.4320e-03 
26-07-28 11:54:53.312 - INFO: <epoch:289, iter:  14,500, lr:2.109e-05> loss: 8.6463e-04 
26-07-28 11:55:15.892 - INFO: <epoch:291, iter:  14,600, lr:2.089e-05> loss: 4.0781e-03 
26-07-28 11:55:38.684 - INFO: <epoch:293, iter:  14,700, lr:2.068e-05> loss: 7.3107e-03 
26-07-28 11:56:01.083 - INFO: <epoch:295, iter:  14,800, lr:2.047e-05> loss: 3.2537e-03 
26-07-28 11:56:23.641 - INFO: <epoch:297, iter:  14,900, lr:2.026e-05> loss: 5.0849e-03 
26-07-28 11:56:46.393 - INFO: <epoch:299, iter:  15,000, lr:2.005e-05> loss: 2.3402e-03 
26-07-28 12:13:12.092 - INFO: # Validation # PSNR: 32.748394, Best PSNR: 32.748394| Iter: 15000
26-07-28 12:13:12.093 - INFO: Saving models and training states.
26-07-28 12:13:47.120 - INFO: <epoch:301, iter:  15,100, lr:1.984e-05> loss: 7.0717e-03 
26-07-28 12:14:09.956 - INFO: <epoch:303, iter:  15,200, lr:1.963e-05> loss: 3.7086e-03 
26-07-28 12:14:32.638 - INFO: <epoch:305, iter:  15,300, lr:1.942e-05> loss: 4.7448e-03 
26-07-28 12:14:55.147 - INFO: <epoch:307, iter:  15,400, lr:1.921e-05> loss: 6.5629e-03 
26-07-28 12:15:17.851 - INFO: <epoch:309, iter:  15,500, lr:1.901e-05> loss: 2.9313e-03 
26-07-28 12:15:40.407 - INFO: <epoch:311, iter:  15,600, lr:1.880e-05> loss: 3.3712e-03 
26-07-28 12:16:03.028 - INFO: <epoch:313, iter:  15,700, lr:1.859e-05> loss: 3.4599e-03 
26-07-28 12:16:25.600 - INFO: <epoch:315, iter:  15,800, lr:1.838e-05> loss: 4.8594e-03 
26-07-28 12:16:48.117 - INFO: <epoch:317, iter:  15,900, lr:1.817e-05> loss: 2.3145e-03 
26-07-28 12:17:10.629 - INFO: <epoch:319, iter:  16,000, lr:1.796e-05> loss: 4.0374e-03 
26-07-28 12:17:32.951 - INFO: <epoch:321, iter:  16,100, lr:1.776e-05> loss: 2.9266e-03 
26-07-28 12:17:55.546 - INFO: <epoch:323, iter:  16,200, lr:1.755e-05> loss: 3.6564e-03 
26-07-28 12:18:18.395 - INFO: <epoch:325, iter:  16,300, lr:1.734e-05> loss: 8.1086e-03 
26-07-28 12:18:40.762 - INFO: <epoch:327, iter:  16,400, lr:1.714e-05> loss: 1.8843e-03 
26-07-28 12:19:03.231 - INFO: <epoch:329, iter:  16,500, lr:1.693e-05> loss: 4.6242e-03 
26-07-28 12:19:25.895 - INFO: <epoch:331, iter:  16,600, lr:1.672e-05> loss: 2.3831e-03 
26-07-28 12:19:48.543 - INFO: <epoch:333, iter:  16,700, lr:1.652e-05> loss: 1.5488e-03 
26-07-28 12:20:11.310 - INFO: <epoch:335, iter:  16,800, lr:1.631e-05> loss: 3.2615e-03 
26-07-28 12:20:34.029 - INFO: <epoch:337, iter:  16,900, lr:1.611e-05> loss: 3.2364e-03 
26-07-28 12:20:56.601 - INFO: <epoch:339, iter:  17,000, lr:1.590e-05> loss: 5.9852e-03 
26-07-28 12:21:19.129 - INFO: <epoch:341, iter:  17,100, lr:1.570e-05> loss: 2.6555e-03 
26-07-28 12:21:41.536 - INFO: <epoch:343, iter:  17,200, lr:1.549e-05> loss: 8.1787e-03 
26-07-28 12:22:04.271 - INFO: <epoch:345, iter:  17,300, lr:1.529e-05> loss: 5.7930e-03 
26-07-28 12:22:27.127 - INFO: <epoch:347, iter:  17,400, lr:1.509e-05> loss: 2.8329e-03 
26-07-28 12:22:49.700 - INFO: <epoch:349, iter:  17,500, lr:1.489e-05> loss: 1.2386e-03 
26-07-28 12:23:12.275 - INFO: <epoch:351, iter:  17,600, lr:1.469e-05> loss: 3.0390e-03 
26-07-28 12:23:34.800 - INFO: <epoch:353, iter:  17,700, lr:1.448e-05> loss: 3.1314e-03 
26-07-28 12:23:57.198 - INFO: <epoch:355, iter:  17,800, lr:1.428e-05> loss: 5.7957e-03 
26-07-28 12:24:19.715 - INFO: <epoch:357, iter:  17,900, lr:1.408e-05> loss: 3.1261e-03 
26-07-28 12:24:42.210 - INFO: <epoch:359, iter:  18,000, lr:1.389e-05> loss: 5.9580e-03 
26-07-28 12:25:04.668 - INFO: <epoch:361, iter:  18,100, lr:1.369e-05> loss: 9.5171e-03 
26-07-28 12:25:27.350 - INFO: <epoch:363, iter:  18,200, lr:1.349e-05> loss: 1.4508e-03 
26-07-28 12:25:49.752 - INFO: <epoch:365, iter:  18,300, lr:1.329e-05> loss: 1.3369e-03 
26-07-28 12:26:12.592 - INFO: <epoch:367, iter:  18,400, lr:1.310e-05> loss: 7.5329e-03 
26-07-28 12:26:35.447 - INFO: <epoch:369, iter:  18,500, lr:1.290e-05> loss: 3.9990e-03 
26-07-28 12:26:57.600 - INFO: <epoch:371, iter:  18,600, lr:1.271e-05> loss: 1.1896e-03 
26-07-28 12:27:19.787 - INFO: <epoch:373, iter:  18,700, lr:1.251e-05> loss: 1.8165e-03 
26-07-28 12:27:41.831 - INFO: <epoch:375, iter:  18,800, lr:1.232e-05> loss: 3.9613e-03 
26-07-28 12:28:03.977 - INFO: <epoch:377, iter:  18,900, lr:1.213e-05> loss: 4.5116e-03 
26-07-28 12:28:26.465 - INFO: <epoch:379, iter:  19,000, lr:1.194e-05> loss: 6.8162e-03 
26-07-28 12:28:48.691 - INFO: <epoch:381, iter:  19,100, lr:1.175e-05> loss: 4.0239e-03 
26-07-28 12:29:11.027 - INFO: <epoch:383, iter:  19,200, lr:1.156e-05> loss: 7.2325e-03 
26-07-28 12:29:33.289 - INFO: <epoch:385, iter:  19,300, lr:1.137e-05> loss: 2.0012e-03 
26-07-28 12:29:55.620 - INFO: <epoch:387, iter:  19,400, lr:1.118e-05> loss: 2.3897e-03 
26-07-28 12:30:17.921 - INFO: <epoch:389, iter:  19,500, lr:1.099e-05> loss: 3.5619e-03 
26-07-28 12:30:40.223 - INFO: <epoch:391, iter:  19,600, lr:1.081e-05> loss: 1.0206e-02 
26-07-28 12:31:02.357 - INFO: <epoch:393, iter:  19,700, lr:1.062e-05> loss: 3.0032e-03 
26-07-28 12:31:24.713 - INFO: <epoch:395, iter:  19,800, lr:1.044e-05> loss: 3.7287e-03 
26-07-28 12:31:46.911 - INFO: <epoch:397, iter:  19,900, lr:1.026e-05> loss: 4.6864e-03 
26-07-28 12:32:09.164 - INFO: <epoch:399, iter:  20,000, lr:1.008e-05> loss: 5.6514e-03 
26-07-28 12:48:24.409 - INFO: # Validation # PSNR: 33.244915, Best PSNR: 33.244915| Iter: 20000
26-07-28 12:48:24.410 - INFO: Saving models and training states.
26-07-28 12:48:58.737 - INFO: <epoch:401, iter:  20,100, lr:9.895e-06> loss: 8.7939e-03 
26-07-28 12:49:20.839 - INFO: <epoch:403, iter:  20,200, lr:9.715e-06> loss: 5.1795e-03 
26-07-28 12:49:43.080 - INFO: <epoch:405, iter:  20,300, lr:9.537e-06> loss: 1.7886e-03 
26-07-28 12:50:05.289 - INFO: <epoch:407, iter:  20,400, lr:9.360e-06> loss: 2.8852e-03 
26-07-28 12:50:27.428 - INFO: <epoch:409, iter:  20,500, lr:9.184e-06> loss: 4.5019e-03 
26-07-28 12:50:49.978 - INFO: <epoch:411, iter:  20,600, lr:9.010e-06> loss: 2.6377e-03 
26-07-28 12:51:12.130 - INFO: <epoch:413, iter:  20,700, lr:8.836e-06> loss: 4.7366e-03 
26-07-28 12:51:34.356 - INFO: <epoch:415, iter:  20,800, lr:8.664e-06> loss: 2.1870e-03 
26-07-28 12:51:56.734 - INFO: <epoch:417, iter:  20,900, lr:8.493e-06> loss: 2.8328e-03 
26-07-28 12:52:18.873 - INFO: <epoch:419, iter:  21,000, lr:8.324e-06> loss: 2.2744e-03 
26-07-28 12:52:41.227 - INFO: <epoch:421, iter:  21,100, lr:8.155e-06> loss: 4.6758e-03 
26-07-28 12:53:03.585 - INFO: <epoch:423, iter:  21,200, lr:7.988e-06> loss: 4.2714e-03 
26-07-28 12:53:25.876 - INFO: <epoch:425, iter:  21,300, lr:7.823e-06> loss: 1.4689e-03 
26-07-28 12:53:48.025 - INFO: <epoch:427, iter:  21,400, lr:7.658e-06> loss: 3.0862e-03 
26-07-28 12:54:10.152 - INFO: <epoch:429, iter:  21,500, lr:7.495e-06> loss: 8.2126e-03 
26-07-28 12:54:32.491 - INFO: <epoch:431, iter:  21,600, lr:7.333e-06> loss: 3.6545e-03 
26-07-28 12:54:55.146 - INFO: <epoch:433, iter:  21,700, lr:7.173e-06> loss: 4.2157e-03 
26-07-28 12:55:17.507 - INFO: <epoch:435, iter:  21,800, lr:7.014e-06> loss: 7.5139e-03 
26-07-28 12:55:39.678 - INFO: <epoch:437, iter:  21,900, lr:6.857e-06> loss: 5.1359e-04 
26-07-28 12:56:02.101 - INFO: <epoch:439, iter:  22,000, lr:6.701e-06> loss: 8.4114e-03 
26-07-28 12:56:24.286 - INFO: <epoch:441, iter:  22,100, lr:6.546e-06> loss: 2.0632e-03 
26-07-28 12:56:46.745 - INFO: <epoch:443, iter:  22,200, lr:6.393e-06> loss: 1.6303e-03 
26-07-28 12:57:09.487 - INFO: <epoch:445, iter:  22,300, lr:6.242e-06> loss: 2.6053e-03 
26-07-28 12:57:31.585 - INFO: <epoch:447, iter:  22,400, lr:6.092e-06> loss: 5.6324e-03 
26-07-28 12:57:53.870 - INFO: <epoch:449, iter:  22,500, lr:5.943e-06> loss: 4.1715e-03 
26-07-28 12:58:15.975 - INFO: <epoch:451, iter:  22,600, lr:5.796e-06> loss: 7.1520e-03 
26-07-28 12:58:38.122 - INFO: <epoch:453, iter:  22,700, lr:5.651e-06> loss: 3.8544e-03 
26-07-28 12:59:00.516 - INFO: <epoch:455, iter:  22,800, lr:5.507e-06> loss: 4.0285e-04 
26-07-28 12:59:22.520 - INFO: <epoch:457, iter:  22,900, lr:5.365e-06> loss: 3.8030e-03 
26-07-28 12:59:44.773 - INFO: <epoch:459, iter:  23,000, lr:5.224e-06> loss: 4.8431e-03 
26-07-28 13:00:06.823 - INFO: <epoch:461, iter:  23,100, lr:5.085e-06> loss: 1.4884e-03 
26-07-28 13:00:28.825 - INFO: <epoch:463, iter:  23,200, lr:4.948e-06> loss: 4.3520e-03 
26-07-28 13:00:51.149 - INFO: <epoch:465, iter:  23,300, lr:4.812e-06> loss: 3.5189e-03 
26-07-28 13:01:13.273 - INFO: <epoch:467, iter:  23,400, lr:4.678e-06> loss: 3.1825e-03 
26-07-28 13:01:35.243 - INFO: <epoch:469, iter:  23,500, lr:4.546e-06> loss: 4.1459e-03 
26-07-28 13:01:57.313 - INFO: <epoch:471, iter:  23,600, lr:4.415e-06> loss: 1.9673e-03 
26-07-28 13:02:19.272 - INFO: <epoch:473, iter:  23,700, lr:4.286e-06> loss: 4.1334e-03 
26-07-28 13:02:41.352 - INFO: <epoch:475, iter:  23,800, lr:4.159e-06> loss: 3.5350e-03 
26-07-28 13:03:03.665 - INFO: <epoch:477, iter:  23,900, lr:4.034e-06> loss: 2.7040e-03 
26-07-28 13:03:25.589 - INFO: <epoch:479, iter:  24,000, lr:3.910e-06> loss: 4.1553e-03 
26-07-28 13:03:47.800 - INFO: <epoch:481, iter:  24,100, lr:3.788e-06> loss: 1.7826e-03 
26-07-28 13:04:09.961 - INFO: <epoch:483, iter:  24,200, lr:3.668e-06> loss: 1.9123e-03 
26-07-28 13:04:32.154 - INFO: <epoch:485, iter:  24,300, lr:3.550e-06> loss: 1.2519e-03 
26-07-28 13:04:54.599 - INFO: <epoch:487, iter:  24,400, lr:3.433e-06> loss: 3.6298e-03 
26-07-28 13:05:16.838 - INFO: <epoch:489, iter:  24,500, lr:3.319e-06> loss: 9.6370e-03 
26-07-28 13:05:38.824 - INFO: <epoch:491, iter:  24,600, lr:3.206e-06> loss: 1.8989e-03 
26-07-28 13:06:00.958 - INFO: <epoch:493, iter:  24,700, lr:3.095e-06> loss: 4.8046e-03 
26-07-28 13:06:22.955 - INFO: <epoch:495, iter:  24,800, lr:2.985e-06> loss: 6.2745e-03 
26-07-28 13:06:45.070 - INFO: <epoch:497, iter:  24,900, lr:2.878e-06> loss: 2.3350e-03 
26-07-28 13:07:07.621 - INFO: <epoch:499, iter:  25,000, lr:2.773e-06> loss: 2.1819e-03 
26-07-28 13:23:26.647 - INFO: # Validation # PSNR: 33.694101, Best PSNR: 33.694101| Iter: 25000
26-07-28 13:23:26.648 - INFO: Saving models and training states.
26-07-28 13:24:01.655 - INFO: <epoch:501, iter:  25,100, lr:2.669e-06> loss: 1.6971e-03 
