26-08-02 08:44:25.325 - INFO:   name: ReviveDiff_train
  use_tb_logger: True
  model: denoising
  distortion: adverse_weather
  gpu_ids: [0]
  sde:[
    max_sigma: 90
    T: 300
    schedule: cosine
    eps: 0.005
  ]
  degradation:[
    sigma: 25
    noise_type: G
    scale: 4
  ]
  datasets:[
    train:[
      name: Train_Dataset
      mode: LQGT
      dataroot_GT: /root/autodl-tmp/ReviveDiff-main/datasets/rain100L/train/target
      dataroot_LQ: /root/autodl-tmp/ReviveDiff-main/datasets/rain100L/train/input
      use_shuffle: True
      n_workers: 4
      batch_size: 4
      GT_size: 256
      LR_size: 256
      use_flip: True
      use_rot: True
      color: RGB
      phase: train
      scale: 1
      data_type: img
    ]
    val:[
      name: Val_Dataset
      mode: LQGT
      dataroot_GT: /root/autodl-tmp/ReviveDiff-main/datasets/rain100L/test/target
      dataroot_LQ: /root/autodl-tmp/ReviveDiff-main/datasets/rain100L/test/input
      phase: val
      scale: 1
      data_type: img
    ]
  ]
  network_G:[
    which_model_G: ConditionalNAFNet
    setting:[
      width: 64
      enc_blk_nums: [1, 1, 1, 28]
      middle_blk_num: 1
      dec_blk_nums: [1, 1, 1, 1]
    ]
  ]
  path:[
    pretrain_model_G: None
    strict_load: True
    resume_state: None
    root: /root/autodl-tmp/ReviveDiff-main
    experiments_root: /root/autodl-tmp/ReviveDiff-main/experiments/ReviveDiff/ReviveDiff_train
    models: /root/autodl-tmp/ReviveDiff-main/experiments/ReviveDiff/ReviveDiff_train/models
    training_state: /root/autodl-tmp/ReviveDiff-main/experiments/ReviveDiff/ReviveDiff_train/training_state
    log: /root/autodl-tmp/ReviveDiff-main/experiments/ReviveDiff/ReviveDiff_train
    val_images: /root/autodl-tmp/ReviveDiff-main/experiments/ReviveDiff/ReviveDiff_train/val_images
  ]
  train:[
    optimizer: Lion
    lr_G: 4e-05
    lr_scheme: TrueCosineAnnealingLR
    beta1: 0.9
    beta2: 0.99
    weight_decay_G: 0
    niter: 50000
    warmup_iter: -1
    lr_steps: [200000, 400000, 600000]
    lr_gamma: 0.5
    eta_min: 1e-07
    is_weighted: False
    loss_type: l1
    weight: 1.0
    manual_seed: 0
    val_freq: 5000.0
  ]
  logger:[
    print_freq: 100
    save_checkpoint_freq: 5000.0
  ]
  is_train: True
  dist: False

26-08-02 08:44:25.381 - INFO: Dataset [LQGTDataset - Train_Dataset] is created.
26-08-02 08:44:25.382 - INFO: Number of train images: 200, iters: 50
26-08-02 08:44:25.382 - INFO: Total epochs needed: 1000 for iters 50,000
26-08-02 08:44:25.382 - INFO: Dataset [LQGTDataset - Val_Dataset] is created.
26-08-02 08:44:25.382 - INFO: Number of val images in [Val_Dataset]: 100
26-08-02 08:44:26.603 - INFO: Network G structure: DataParallel - ConditionalNAFNet, with parameters: 88,346,783
26-08-02 08:44:26.603 - INFO: ConditionalNAFNet(
  (time_mlp): Sequential(
    (0): SinusoidalPosEmb()
    (1): Linear(in_features=64, out_features=512, bias=True)
    (2): SimpleGate()
    (3): Linear(in_features=256, out_features=256, bias=True)
  )
  (intro): Conv2d(6, 64, kernel_size=(3, 3), stride=(1, 1), padding=(1, 1))
  (ending): Conv2d(64, 3, kernel_size=(3, 3), stride=(1, 1), padding=(1, 1))
  (encoders): ModuleList(
    (0): Sequential(
      (0): CFBlock(
        (mlp): Sequential(
          (0): SimpleGate()
          (1): Linear(in_features=128, out_features=256, bias=True)
        )
        (conv1): Conv2d(64, 128, kernel_size=(1, 1), stride=(1, 1))
        (conv2): Conv2d(128, 128, kernel_size=(3, 3), stride=(1, 1), padding=(1, 1), groups=128)
        (conv3): Conv2d(64, 64, kernel_size=(3, 3), stride=(1, 1), padding=(1, 1), groups=64)
        (dconv1): Sequential(
          (0): Conv2d(64, 64, kernel_size=(3, 3), stride=(1, 1), padding=(2, 2), dilation=(2, 2), groups=64)
          (1): GELU(approximate='none')
        )
        (dconv2): Sequential(
          (0): Conv2d(64, 64, kernel_size=(3, 3), stride=(1, 1), padding=(4, 4), dilation=(4, 4), groups=64)
          (1): GELU(approximate='none')
        )
        (dconv3): Sequential(
          (0): Conv2d(64, 64, kernel_size=(3, 3), stride=(1, 1), padding=(8, 8), dilation=(8, 8), groups=64)
          (1): GELU(approximate='none')
        )
        (sca): Sequential(
          (0): AdaptiveAvgPool2d(output_size=1)
          (1): Conv2d(64, 64, kernel_size=(1, 1), stride=(1, 1))
        )
        (sg): SimpleGate()
        (conv4): Conv2d(64, 128, kernel_size=(1, 1), stride=(1, 1))
        (conv5): Conv2d(64, 64, kernel_size=(1, 1), stride=(1, 1))
        (norm1): LayerNorm()
        (norm2): LayerNorm()
        (dropout1): Identity()
        (dropout2): Identity()
        (fusion): Fusion(
          (sa): SpatialAttention(
            (sa): Conv2d(2, 1, kernel_size=(7, 7), stride=(1, 1), padding=(3, 3), padding_mode=reflect)
          )
          (ca): ChannelAttention(
            (gap): AdaptiveAvgPool2d(output_size=1)
            (ca): Sequential(
              (0): Conv2d(64, 8, kernel_size=(1, 1), stride=(1, 1))
              (1): ReLU(inplace=True)
              (2): Conv2d(8, 64, kernel_size=(1, 1), stride=(1, 1))
            )
          )
          (pa): PA(
            (conv): Conv2d(64, 64, kernel_size=(1, 1), stride=(1, 1))
            (sigmoid): Sigmoid()
          )
          (conv): Conv2d(64, 64, kernel_size=(1, 1), stride=(1, 1))
          (sigmoid): Sigmoid()
        )
        (gelu): GELU(approximate='none')
      )
    )
    (1): Sequential(
      (0): CFBlock(
        (mlp): Sequential(
          (0): SimpleGate()
          (1): Linear(in_features=128, out_features=512, bias=True)
        )
        (conv1): Conv2d(128, 256, kernel_size=(1, 1), stride=(1, 1))
        (conv2): Conv2d(256, 256, kernel_size=(3, 3), stride=(1, 1), padding=(1, 1), groups=256)
        (conv3): Conv2d(128, 128, kernel_size=(3, 3), stride=(1, 1), padding=(1, 1), groups=128)
        (dconv1): Sequential(
          (0): Conv2d(128, 128, kernel_size=(3, 3), stride=(1, 1), padding=(2, 2), dilation=(2, 2), groups=128)
          (1): GELU(approximate='none')
        )
        (dconv2): Sequential(
          (0): Conv2d(128, 128, kernel_size=(3, 3), stride=(1, 1), padding=(4, 4), dilation=(4, 4), groups=128)
          (1): GELU(approximate='none')
        )
        (dconv3): Sequential(
          (0): Conv2d(128, 128, kernel_size=(3, 3), stride=(1, 1), padding=(8, 8), dilation=(8, 8), groups=128)
          (1): GELU(approximate='none')
        )
        (sca): Sequential(
          (0): AdaptiveAvgPool2d(output_size=1)
          (1): Conv2d(128, 128, kernel_size=(1, 1), stride=(1, 1))
        )
        (sg): SimpleGate()
        (conv4): Conv2d(128, 256, kernel_size=(1, 1), stride=(1, 1))
        (conv5): Conv2d(128, 128, kernel_size=(1, 1), stride=(1, 1))
        (norm1): LayerNorm()
        (norm2): LayerNorm()
        (dropout1): Identity()
        (dropout2): Identity()
        (fusion): Fusion(
          (sa): SpatialAttention(
            (sa): Conv2d(2, 1, kernel_size=(7, 7), stride=(1, 1), padding=(3, 3), padding_mode=reflect)
          )
          (ca): ChannelAttention(
            (gap): AdaptiveAvgPool2d(output_size=1)
            (ca): Sequential(
              (0): Conv2d(128, 16, kernel_size=(1, 1), stride=(1, 1))
              (1): ReLU(inplace=True)
              (2): Conv2d(16, 128, kernel_size=(1, 1), stride=(1, 1))
            )
          )
          (pa): PA(
            (conv): Conv2d(128, 128, kernel_size=(1, 1), stride=(1, 1))
            (sigmoid): Sigmoid()
          )
          (conv): Conv2d(128, 128, kernel_size=(1, 1), stride=(1, 1))
          (sigmoid): Sigmoid()
        )
        (gelu): GELU(approximate='none')
      )
    )
    (2): Sequential(
      (0): CFBlock(
        (mlp): Sequential(
          (0): SimpleGate()
          (1): Linear(in_features=128, out_features=1024, bias=True)
        )
        (conv1): Conv2d(256, 512, kernel_size=(1, 1), stride=(1, 1))
        (conv2): Conv2d(512, 512, kernel_size=(3, 3), stride=(1, 1), padding=(1, 1), groups=512)
        (conv3): Conv2d(256, 256, kernel_size=(3, 3), stride=(1, 1), padding=(1, 1), groups=256)
        (dconv1): Sequential(
          (0): Conv2d(256, 256, kernel_size=(3, 3), stride=(1, 1), padding=(2, 2), dilation=(2, 2), groups=256)
          (1): GELU(approximate='none')
        )
        (dconv2): Sequential(
          (0): Conv2d(256, 256, kernel_size=(3, 3), stride=(1, 1), padding=(4, 4), dilation=(4, 4), groups=256)
          (1): GELU(approximate='none')
        )
        (dconv3): Sequential(
          (0): Conv2d(256, 256, kernel_size=(3, 3), stride=(1, 1), padding=(8, 8), dilation=(8, 8), groups=256)
          (1): GELU(approximate='none')
        )
        (sca): Sequential(
          (0): AdaptiveAvgPool2d(output_size=1)
          (1): Conv2d(256, 256, kernel_size=(1, 1), stride=(1, 1))
        )
        (sg): SimpleGate()
        (conv4): Conv2d(256, 512, kernel_size=(1, 1), stride=(1, 1))
        (conv5): Conv2d(256, 256, kernel_size=(1, 1), stride=(1, 1))
        (norm1): LayerNorm()
        (norm2): LayerNorm()
        (dropout1): Identity()
        (dropout2): Identity()
        (fusion): Fusion(
          (sa): SpatialAttention(
            (sa): Conv2d(2, 1, kernel_size=(7, 7), stride=(1, 1), padding=(3, 3), padding_mode=reflect)
          )
          (ca): ChannelAttention(
            (gap): AdaptiveAvgPool2d(output_size=1)
            (ca): Sequential(
              (0): Conv2d(256, 32, kernel_size=(1, 1), stride=(1, 1))
              (1): ReLU(inplace=True)
              (2): Conv2d(32, 256, kernel_size=(1, 1), stride=(1, 1))
            )
          )
          (pa): PA(
            (conv): Conv2d(256, 256, kernel_size=(1, 1), stride=(1, 1))
            (sigmoid): Sigmoid()
          )
          (conv): Conv2d(256, 256, kernel_size=(1, 1), stride=(1, 1))
          (sigmoid): Sigmoid()
        )
        (gelu): GELU(approximate='none')
      )
    )
    (3): Sequential(
      (0): CFBlock(
        (mlp): Sequential(
          (0): SimpleGate()
          (1): Linear(in_features=128, out_features=2048, bias=True)
        )
        (conv1): Conv2d(512, 1024, kernel_size=(1, 1), stride=(1, 1))
        (conv2): Conv2d(1024, 1024, kernel_size=(3, 3), stride=(1, 1), padding=(1, 1), groups=1024)
        (conv3): Conv2d(512, 512, kernel_size=(3, 3), stride=(1, 1), padding=(1, 1), groups=512)
        (dconv1): Sequential(
          (0): Conv2d(512, 512, kernel_size=(3, 3), stride=(1, 1), padding=(2, 2), dilation=(2, 2), groups=512)
          (1): GELU(approximate='none')
        )
        (dconv2): Sequential(
          (0): Conv2d(512, 512, kernel_size=(3, 3), stride=(1, 1), padding=(4, 4), dilation=(4, 4), groups=512)
          (1): GELU(approximate='none')
        )
        (dconv3): Sequential(
          (0): Conv2d(512, 512, kernel_size=(3, 3), stride=(1, 1), padding=(8, 8), dilation=(8, 8), groups=512)
          (1): GELU(approximate='none')
        )
        (sca): Sequential(
          (0): AdaptiveAvgPool2d(output_size=1)
          (1): Conv2d(512, 512, kernel_size=(1, 1), stride=(1, 1))
        )
        (sg): SimpleGate()
        (conv4): Conv2d(512, 1024, kernel_size=(1, 1), stride=(1, 1))
        (conv5): Conv2d(512, 512, kernel_size=(1, 1), stride=(1, 1))
        (norm1): LayerNorm()
        (norm2): LayerNorm()
        (dropout1): Identity()
        (dropout2): Identity()
        (fusion): Fusion(
          (sa): SpatialAttention(
            (sa): Conv2d(2, 1, kernel_size=(7, 7), stride=(1, 1), padding=(3, 3), padding_mode=reflect)
          )
          (ca): ChannelAttention(
            (gap): AdaptiveAvgPool2d(output_size=1)
            (ca): Sequential(
              (0): Conv2d(512, 64, kernel_size=(1, 1), stride=(1, 1))
              (1): ReLU(inplace=True)
              (2): Conv2d(64, 512, kernel_size=(1, 1), stride=(1, 1))
            )
          )
          (pa): PA(
            (conv): Conv2d(512, 512, kernel_size=(1, 1), stride=(1, 1))
            (sigmoid): Sigmoid()
          )
          (conv): Conv2d(512, 512, kernel_size=(1, 1), stride=(1, 1))
          (sigmoid): Sigmoid()
        )
        (gelu): GELU(approximate='none')
      )
      (1): CFBlock(
        (mlp): Sequential(
          (0): SimpleGate()
          (1): Linear(in_features=128, out_features=2048, bias=True)
        )
        (conv1): Conv2d(512, 1024, kernel_size=(1, 1), stride=(1, 1))
        (conv2): Conv2d(1024, 1024, kernel_size=(3, 3), stride=(1, 1), padding=(1, 1), groups=1024)
        (conv3): Conv2d(512, 512, kernel_size=(3, 3), stride=(1, 1), padding=(1, 1), groups=512)
        (dconv1): Sequential(
          (0): Conv2d(512, 512, kernel_size=(3, 3), stride=(1, 1), padding=(2, 2), dilation=(2, 2), groups=512)
          (1): GELU(approximate='none')
        )
        (dconv2): Sequential(
          (0): Conv2d(512, 512, kernel_size=(3, 3), stride=(1, 1), padding=(4, 4), dilation=(4, 4), groups=512)
          (1): GELU(approximate='none')
        )
        (dconv3): Sequential(
          (0): Conv2d(512, 512, kernel_size=(3, 3), stride=(1, 1), padding=(8, 8), dilation=(8, 8), groups=512)
          (1): GELU(approximate='none')
        )
        (sca): Sequential(
          (0): AdaptiveAvgPool2d(output_size=1)
          (1): Conv2d(512, 512, kernel_size=(1, 1), stride=(1, 1))
        )
        (sg): SimpleGate()
        (conv4): Conv2d(512, 1024, kernel_size=(1, 1), stride=(1, 1))
        (conv5): Conv2d(512, 512, kernel_size=(1, 1), stride=(1, 1))
        (norm1): LayerNorm()
        (norm2): LayerNorm()
        (dropout1): Identity()
        (dropout2): Identity()
        (fusion): Fusion(
          (sa): SpatialAttention(
            (sa): Conv2d(2, 1, kernel_size=(7, 7), stride=(1, 1), padding=(3, 3), padding_mode=reflect)
          )
          (ca): ChannelAttention(
            (gap): AdaptiveAvgPool2d(output_size=1)
            (ca): Sequential(
              (0): Conv2d(512, 64, kernel_size=(1, 1), stride=(1, 1))
              (1): ReLU(inplace=True)
              (2): Conv2d(64, 512, kernel_size=(1, 1), stride=(1, 1))
            )
          )
          (pa): PA(
            (conv): Conv2d(512, 512, kernel_size=(1, 1), stride=(1, 1))
            (sigmoid): Sigmoid()
          )
          (conv): Conv2d(512, 512, kernel_size=(1, 1), stride=(1, 1))
          (sigmoid): Sigmoid()
        )
        (gelu): GELU(approximate='none')
      )
      (2): CFBlock(
        (mlp): Sequential(
          (0): SimpleGate()
          (1): Linear(in_features=128, out_features=2048, bias=True)
        )
        (conv1): Conv2d(512, 1024, kernel_size=(1, 1), stride=(1, 1))
        (conv2): Conv2d(1024, 1024, kernel_size=(3, 3), stride=(1, 1), padding=(1, 1), groups=1024)
        (conv3): Conv2d(512, 512, kernel_size=(3, 3), stride=(1, 1), padding=(1, 1), groups=512)
        (dconv1): Sequential(
          (0): Conv2d(512, 512, kernel_size=(3, 3), stride=(1, 1), padding=(2, 2), dilation=(2, 2), groups=512)
          (1): GELU(approximate='none')
        )
        (dconv2): Sequential(
          (0): Conv2d(512, 512, kernel_size=(3, 3), stride=(1, 1), padding=(4, 4), dilation=(4, 4), groups=512)
          (1): GELU(approximate='none')
        )
        (dconv3): Sequential(
          (0): Conv2d(512, 512, kernel_size=(3, 3), stride=(1, 1), padding=(8, 8), dilation=(8, 8), groups=512)
          (1): GELU(approximate='none')
        )
        (sca): Sequential(
          (0): AdaptiveAvgPool2d(output_size=1)
          (1): Conv2d(512, 512, kernel_size=(1, 1), stride=(1, 1))
        )
        (sg): SimpleGate()
        (conv4): Conv2d(512, 1024, kernel_size=(1, 1), stride=(1, 1))
        (conv5): Conv2d(512, 512, kernel_size=(1, 1), stride=(1, 1))
        (norm1): LayerNorm()
        (norm2): LayerNorm()
        (dropout1): Identity()
        (dropout2): Identity()
        (fusion): Fusion(
          (sa): SpatialAttention(
            (sa): Conv2d(2, 1, kernel_size=(7, 7), stride=(1, 1), padding=(3, 3), padding_mode=reflect)
          )
          (ca): ChannelAttention(
            (gap): AdaptiveAvgPool2d(output_size=1)
            (ca): Sequential(
              (0): Conv2d(512, 64, kernel_size=(1, 1), stride=(1, 1))
              (1): ReLU(inplace=True)
              (2): Conv2d(64, 512, kernel_size=(1, 1), stride=(1, 1))
            )
          )
          (pa): PA(
            (conv): Conv2d(512, 512, kernel_size=(1, 1), stride=(1, 1))
            (sigmoid): Sigmoid()
          )
          (conv): Conv2d(512, 512, kernel_size=(1, 1), stride=(1, 1))
          (sigmoid): Sigmoid()
        )
        (gelu): GELU(approximate='none')
      )
      (3): CFBlock(
        (mlp): Sequential(
          (0): SimpleGate()
          (1): Linear(in_features=128, out_features=2048, bias=True)
        )
        (conv1): Conv2d(512, 1024, kernel_size=(1, 1), stride=(1, 1))
        (conv2): Conv2d(1024, 1024, kernel_size=(3, 3), stride=(1, 1), padding=(1, 1), groups=1024)
        (conv3): Conv2d(512, 512, kernel_size=(3, 3), stride=(1, 1), padding=(1, 1), groups=512)
        (dconv1): Sequential(
          (0): Conv2d(512, 512, kernel_size=(3, 3), stride=(1, 1), padding=(2, 2), dilation=(2, 2), groups=512)
          (1): GELU(approximate='none')
        )
        (dconv2): Sequential(
          (0): Conv2d(512, 512, kernel_size=(3, 3), stride=(1, 1), padding=(4, 4), dilation=(4, 4), groups=512)
          (1): GELU(approximate='none')
        )
        (dconv3): Sequential(
          (0): Conv2d(512, 512, kernel_size=(3, 3), stride=(1, 1), padding=(8, 8), dilation=(8, 8), groups=512)
          (1): GELU(approximate='none')
        )
        (sca): Sequential(
          (0): AdaptiveAvgPool2d(output_size=1)
          (1): Conv2d(512, 512, kernel_size=(1, 1), stride=(1, 1))
        )
        (sg): SimpleGate()
        (conv4): Conv2d(512, 1024, kernel_size=(1, 1), stride=(1, 1))
        (conv5): Conv2d(512, 512, kernel_size=(1, 1), stride=(1, 1))
        (norm1): LayerNorm()
        (norm2): LayerNorm()
        (dropout1): Identity()
        (dropout2): Identity()
        (fusion): Fusion(
          (sa): SpatialAttention(
            (sa): Conv2d(2, 1, kernel_size=(7, 7), stride=(1, 1), padding=(3, 3), padding_mode=reflect)
          )
          (ca): ChannelAttention(
            (gap): AdaptiveAvgPool2d(output_size=1)
            (ca): Sequential(
              (0): Conv2d(512, 64, kernel_size=(1, 1), stride=(1, 1))
              (1): ReLU(inplace=True)
              (2): Conv2d(64, 512, kernel_size=(1, 1), stride=(1, 1))
            )
          )
          (pa): PA(
            (conv): Conv2d(512, 512, kernel_size=(1, 1), stride=(1, 1))
            (sigmoid): Sigmoid()
          )
          (conv): Conv2d(512, 512, kernel_size=(1, 1), stride=(1, 1))
          (sigmoid): Sigmoid()
        )
        (gelu): GELU(approximate='none')
      )
      (4): CFBlock(
        (mlp): Sequential(
          (0): SimpleGate()
          (1): Linear(in_features=128, out_features=2048, bias=True)
        )
        (conv1): Conv2d(512, 1024, kernel_size=(1, 1), stride=(1, 1))
        (conv2): Conv2d(1024, 1024, kernel_size=(3, 3), stride=(1, 1), padding=(1, 1), groups=1024)
        (conv3): Conv2d(512, 512, kernel_size=(3, 3), stride=(1, 1), padding=(1, 1), groups=512)
        (dconv1): Sequential(
          (0): Conv2d(512, 512, kernel_size=(3, 3), stride=(1, 1), padding=(2, 2), dilation=(2, 2), groups=512)
          (1): GELU(approximate='none')
        )
        (dconv2): Sequential(
          (0): Conv2d(512, 512, kernel_size=(3, 3), stride=(1, 1), padding=(4, 4), dilation=(4, 4), groups=512)
          (1): GELU(approximate='none')
        )
        (dconv3): Sequential(
          (0): Conv2d(512, 512, kernel_size=(3, 3), stride=(1, 1), padding=(8, 8), dilation=(8, 8), groups=512)
          (1): GELU(approximate='none')
        )
        (sca): Sequential(
          (0): AdaptiveAvgPool2d(output_size=1)
          (1): Conv2d(512, 512, kernel_size=(1, 1), stride=(1, 1))
        )
        (sg): SimpleGate()
        (conv4): Conv2d(512, 1024, kernel_size=(1, 1), stride=(1, 1))
        (conv5): Conv2d(512, 512, kernel_size=(1, 1), stride=(1, 1))
        (norm1): LayerNorm()
        (norm2): LayerNorm()
        (dropout1): Identity()
        (dropout2): Identity()
        (fusion): Fusion(
          (sa): SpatialAttention(
            (sa): Conv2d(2, 1, kernel_size=(7, 7), stride=(1, 1), padding=(3, 3), padding_mode=reflect)
          )
          (ca): ChannelAttention(
            (gap): AdaptiveAvgPool2d(output_size=1)
            (ca): Sequential(
              (0): Conv2d(512, 64, kernel_size=(1, 1), stride=(1, 1))
              (1): ReLU(inplace=True)
              (2): Conv2d(64, 512, kernel_size=(1, 1), stride=(1, 1))
            )
          )
          (pa): PA(
            (conv): Conv2d(512, 512, kernel_size=(1, 1), stride=(1, 1))
            (sigmoid): Sigmoid()
          )
          (conv): Conv2d(512, 512, kernel_size=(1, 1), stride=(1, 1))
          (sigmoid): Sigmoid()
        )
        (gelu): GELU(approximate='none')
      )
      (5): CFBlock(
        (mlp): Sequential(
          (0): SimpleGate()
          (1): Linear(in_features=128, out_features=2048, bias=True)
        )
        (conv1): Conv2d(512, 1024, kernel_size=(1, 1), stride=(1, 1))
        (conv2): Conv2d(1024, 1024, kernel_size=(3, 3), stride=(1, 1), padding=(1, 1), groups=1024)
        (conv3): Conv2d(512, 512, kernel_size=(3, 3), stride=(1, 1), padding=(1, 1), groups=512)
        (dconv1): Sequential(
          (0): Conv2d(512, 512, kernel_size=(3, 3), stride=(1, 1), padding=(2, 2), dilation=(2, 2), groups=512)
          (1): GELU(approximate='none')
        )
        (dconv2): Sequential(
          (0): Conv2d(512, 512, kernel_size=(3, 3), stride=(1, 1), padding=(4, 4), dilation=(4, 4), groups=512)
          (1): GELU(approximate='none')
        )
        (dconv3): Sequential(
          (0): Conv2d(512, 512, kernel_size=(3, 3), stride=(1, 1), padding=(8, 8), dilation=(8, 8), groups=512)
          (1): GELU(approximate='none')
        )
        (sca): Sequential(
          (0): AdaptiveAvgPool2d(output_size=1)
          (1): Conv2d(512, 512, kernel_size=(1, 1), stride=(1, 1))
        )
        (sg): SimpleGate()
        (conv4): Conv2d(512, 1024, kernel_size=(1, 1), stride=(1, 1))
        (conv5): Conv2d(512, 512, kernel_size=(1, 1), stride=(1, 1))
        (norm1): LayerNorm()
        (norm2): LayerNorm()
        (dropout1): Identity()
        (dropout2): Identity()
        (fusion): Fusion(
          (sa): SpatialAttention(
            (sa): Conv2d(2, 1, kernel_size=(7, 7), stride=(1, 1), padding=(3, 3), padding_mode=reflect)
          )
          (ca): ChannelAttention(
            (gap): AdaptiveAvgPool2d(output_size=1)
            (ca): Sequential(
              (0): Conv2d(512, 64, kernel_size=(1, 1), stride=(1, 1))
              (1): ReLU(inplace=True)
              (2): Conv2d(64, 512, kernel_size=(1, 1), stride=(1, 1))
            )
          )
          (pa): PA(
            (conv): Conv2d(512, 512, kernel_size=(1, 1), stride=(1, 1))
            (sigmoid): Sigmoid()
          )
          (conv): Conv2d(512, 512, kernel_size=(1, 1), stride=(1, 1))
          (sigmoid): Sigmoid()
        )
        (gelu): GELU(approximate='none')
      )
      (6): CFBlock(
        (mlp): Sequential(
          (0): SimpleGate()
          (1): Linear(in_features=128, out_features=2048, bias=True)
        )
        (conv1): Conv2d(512, 1024, kernel_size=(1, 1), stride=(1, 1))
        (conv2): Conv2d(1024, 1024, kernel_size=(3, 3), stride=(1, 1), padding=(1, 1), groups=1024)
        (conv3): Conv2d(512, 512, kernel_size=(3, 3), stride=(1, 1), padding=(1, 1), groups=512)
        (dconv1): Sequential(
          (0): Conv2d(512, 512, kernel_size=(3, 3), stride=(1, 1), padding=(2, 2), dilation=(2, 2), groups=512)
          (1): GELU(approximate='none')
        )
        (dconv2): Sequential(
          (0): Conv2d(512, 512, kernel_size=(3, 3), stride=(1, 1), padding=(4, 4), dilation=(4, 4), groups=512)
          (1): GELU(approximate='none')
        )
        (dconv3): Sequential(
          (0): Conv2d(512, 512, kernel_size=(3, 3), stride=(1, 1), padding=(8, 8), dilation=(8, 8), groups=512)
          (1): GELU(approximate='none')
        )
        (sca): Sequential(
          (0): AdaptiveAvgPool2d(output_size=1)
          (1): Conv2d(512, 512, kernel_size=(1, 1), stride=(1, 1))
        )
        (sg): SimpleGate()
        (conv4): Conv2d(512, 1024, kernel_size=(1, 1), stride=(1, 1))
        (conv5): Conv2d(512, 512, kernel_size=(1, 1), stride=(1, 1))
        (norm1): LayerNorm()
        (norm2): LayerNorm()
        (dropout1): Identity()
        (dropout2): Identity()
        (fusion): Fusion(
          (sa): SpatialAttention(
            (sa): Conv2d(2, 1, kernel_size=(7, 7), stride=(1, 1), padding=(3, 3), padding_mode=reflect)
          )
          (ca): ChannelAttention(
            (gap): AdaptiveAvgPool2d(output_size=1)
            (ca): Sequential(
              (0): Conv2d(512, 64, kernel_size=(1, 1), stride=(1, 1))
              (1): ReLU(inplace=True)
              (2): Conv2d(64, 512, kernel_size=(1, 1), stride=(1, 1))
            )
          )
          (pa): PA(
            (conv): Conv2d(512, 512, kernel_size=(1, 1), stride=(1, 1))
            (sigmoid): Sigmoid()
          )
          (conv): Conv2d(512, 512, kernel_size=(1, 1), stride=(1, 1))
          (sigmoid): Sigmoid()
        )
        (gelu): GELU(approximate='none')
      )
      (7): CFBlock(
        (mlp): Sequential(
          (0): SimpleGate()
          (1): Linear(in_features=128, out_features=2048, bias=True)
        )
        (conv1): Conv2d(512, 1024, kernel_size=(1, 1), stride=(1, 1))
        (conv2): Conv2d(1024, 1024, kernel_size=(3, 3), stride=(1, 1), padding=(1, 1), groups=1024)
        (conv3): Conv2d(512, 512, kernel_size=(3, 3), stride=(1, 1), padding=(1, 1), groups=512)
        (dconv1): Sequential(
          (0): Conv2d(512, 512, kernel_size=(3, 3), stride=(1, 1), padding=(2, 2), dilation=(2, 2), groups=512)
          (1): GELU(approximate='none')
        )
        (dconv2): Sequential(
          (0): Conv2d(512, 512, kernel_size=(3, 3), stride=(1, 1), padding=(4, 4), dilation=(4, 4), groups=512)
          (1): GELU(approximate='none')
        )
        (dconv3): Sequential(
          (0): Conv2d(512, 512, kernel_size=(3, 3), stride=(1, 1), padding=(8, 8), dilation=(8, 8), groups=512)
          (1): GELU(approximate='none')
        )
        (sca): Sequential(
          (0): AdaptiveAvgPool2d(output_size=1)
          (1): Conv2d(512, 512, kernel_size=(1, 1), stride=(1, 1))
        )
        (sg): SimpleGate()
        (conv4): Conv2d(512, 1024, kernel_size=(1, 1), stride=(1, 1))
        (conv5): Conv2d(512, 512, kernel_size=(1, 1), stride=(1, 1))
        (norm1): LayerNorm()
        (norm2): LayerNorm()
        (dropout1): Identity()
        (dropout2): Identity()
        (fusion): Fusion(
          (sa): SpatialAttention(
            (sa): Conv2d(2, 1, kernel_size=(7, 7), stride=(1, 1), padding=(3, 3), padding_mode=reflect)
          )
          (ca): ChannelAttention(
            (gap): AdaptiveAvgPool2d(output_size=1)
            (ca): Sequential(
              (0): Conv2d(512, 64, kernel_size=(1, 1), stride=(1, 1))
              (1): ReLU(inplace=True)
              (2): Conv2d(64, 512, kernel_size=(1, 1), stride=(1, 1))
            )
          )
          (pa): PA(
            (conv): Conv2d(512, 512, kernel_size=(1, 1), stride=(1, 1))
            (sigmoid): Sigmoid()
          )
          (conv): Conv2d(512, 512, kernel_size=(1, 1), stride=(1, 1))
          (sigmoid): Sigmoid()
        )
        (gelu): GELU(approximate='none')
      )
      (8): CFBlock(
        (mlp): Sequential(
          (0): SimpleGate()
          (1): Linear(in_features=128, out_features=2048, bias=True)
        )
        (conv1): Conv2d(512, 1024, kernel_size=(1, 1), stride=(1, 1))
        (conv2): Conv2d(1024, 1024, kernel_size=(3, 3), stride=(1, 1), padding=(1, 1), groups=1024)
        (conv3): Conv2d(512, 512, kernel_size=(3, 3), stride=(1, 1), padding=(1, 1), groups=512)
        (dconv1): Sequential(
          (0): Conv2d(512, 512, kernel_size=(3, 3), stride=(1, 1), padding=(2, 2), dilation=(2, 2), groups=512)
          (1): GELU(approximate='none')
        )
        (dconv2): Sequential(
          (0): Conv2d(512, 512, kernel_size=(3, 3), stride=(1, 1), padding=(4, 4), dilation=(4, 4), groups=512)
          (1): GELU(approximate='none')
        )
        (dconv3): Sequential(
          (0): Conv2d(512, 512, kernel_size=(3, 3), stride=(1, 1), padding=(8, 8), dilation=(8, 8), groups=512)
          (1): GELU(approximate='none')
        )
        (sca): Sequential(
          (0): AdaptiveAvgPool2d(output_size=1)
          (1): Conv2d(512, 512, kernel_size=(1, 1), stride=(1, 1))
        )
        (sg): SimpleGate()
        (conv4): Conv2d(512, 1024, kernel_size=(1, 1), stride=(1, 1))
        (conv5): Conv2d(512, 512, kernel_size=(1, 1), stride=(1, 1))
        (norm1): LayerNorm()
        (norm2): LayerNorm()
        (dropout1): Identity()
        (dropout2): Identity()
        (fusion): Fusion(
          (sa): SpatialAttention(
            (sa): Conv2d(2, 1, kernel_size=(7, 7), stride=(1, 1), padding=(3, 3), padding_mode=reflect)
          )
          (ca): ChannelAttention(
            (gap): AdaptiveAvgPool2d(output_size=1)
            (ca): Sequential(
              (0): Conv2d(512, 64, kernel_size=(1, 1), stride=(1, 1))
              (1): ReLU(inplace=True)
              (2): Conv2d(64, 512, kernel_size=(1, 1), stride=(1, 1))
            )
          )
          (pa): PA(
            (conv): Conv2d(512, 512, kernel_size=(1, 1), stride=(1, 1))
            (sigmoid): Sigmoid()
          )
          (conv): Conv2d(512, 512, kernel_size=(1, 1), stride=(1, 1))
          (sigmoid): Sigmoid()
        )
        (gelu): GELU(approximate='none')
      )
      (9): CFBlock(
        (mlp): Sequential(
          (0): SimpleGate()
          (1): Linear(in_features=128, out_features=2048, bias=True)
        )
        (conv1): Conv2d(512, 1024, kernel_size=(1, 1), stride=(1, 1))
        (conv2): Conv2d(1024, 1024, kernel_size=(3, 3), stride=(1, 1), padding=(1, 1), groups=1024)
        (conv3): Conv2d(512, 512, kernel_size=(3, 3), stride=(1, 1), padding=(1, 1), groups=512)
        (dconv1): Sequential(
          (0): Conv2d(512, 512, kernel_size=(3, 3), stride=(1, 1), padding=(2, 2), dilation=(2, 2), groups=512)
          (1): GELU(approximate='none')
        )
        (dconv2): Sequential(
          (0): Conv2d(512, 512, kernel_size=(3, 3), stride=(1, 1), padding=(4, 4), dilation=(4, 4), groups=512)
          (1): GELU(approximate='none')
        )
        (dconv3): Sequential(
          (0): Conv2d(512, 512, kernel_size=(3, 3), stride=(1, 1), padding=(8, 8), dilation=(8, 8), groups=512)
          (1): GELU(approximate='none')
        )
        (sca): Sequential(
          (0): AdaptiveAvgPool2d(output_size=1)
          (1): Conv2d(512, 512, kernel_size=(1, 1), stride=(1, 1))
        )
        (sg): SimpleGate()
        (conv4): Conv2d(512, 1024, kernel_size=(1, 1), stride=(1, 1))
        (conv5): Conv2d(512, 512, kernel_size=(1, 1), stride=(1, 1))
        (norm1): LayerNorm()
        (norm2): LayerNorm()
        (dropout1): Identity()
        (dropout2): Identity()
        (fusion): Fusion(
          (sa): SpatialAttention(
            (sa): Conv2d(2, 1, kernel_size=(7, 7), stride=(1, 1), padding=(3, 3), padding_mode=reflect)
          )
          (ca): ChannelAttention(
            (gap): AdaptiveAvgPool2d(output_size=1)
            (ca): Sequential(
              (0): Conv2d(512, 64, kernel_size=(1, 1), stride=(1, 1))
              (1): ReLU(inplace=True)
              (2): Conv2d(64, 512, kernel_size=(1, 1), stride=(1, 1))
            )
          )
          (pa): PA(
            (conv): Conv2d(512, 512, kernel_size=(1, 1), stride=(1, 1))
            (sigmoid): Sigmoid()
          )
          (conv): Conv2d(512, 512, kernel_size=(1, 1), stride=(1, 1))
          (sigmoid): Sigmoid()
        )
        (gelu): GELU(approximate='none')
      )
      (10): CFBlock(
        (mlp): Sequential(
          (0): SimpleGate()
          (1): Linear(in_features=128, out_features=2048, bias=True)
        )
        (conv1): Conv2d(512, 1024, kernel_size=(1, 1), stride=(1, 1))
        (conv2): Conv2d(1024, 1024, kernel_size=(3, 3), stride=(1, 1), padding=(1, 1), groups=1024)
        (conv3): Conv2d(512, 512, kernel_size=(3, 3), stride=(1, 1), padding=(1, 1), groups=512)
        (dconv1): Sequential(
          (0): Conv2d(512, 512, kernel_size=(3, 3), stride=(1, 1), padding=(2, 2), dilation=(2, 2), groups=512)
          (1): GELU(approximate='none')
        )
        (dconv2): Sequential(
          (0): Conv2d(512, 512, kernel_size=(3, 3), stride=(1, 1), padding=(4, 4), dilation=(4, 4), groups=512)
          (1): GELU(approximate='none')
        )
        (dconv3): Sequential(
          (0): Conv2d(512, 512, kernel_size=(3, 3), stride=(1, 1), padding=(8, 8), dilation=(8, 8), groups=512)
          (1): GELU(approximate='none')
        )
        (sca): Sequential(
          (0): AdaptiveAvgPool2d(output_size=1)
          (1): Conv2d(512, 512, kernel_size=(1, 1), stride=(1, 1))
        )
        (sg): SimpleGate()
        (conv4): Conv2d(512, 1024, kernel_size=(1, 1), stride=(1, 1))
        (conv5): Conv2d(512, 512, kernel_size=(1, 1), stride=(1, 1))
        (norm1): LayerNorm()
        (norm2): LayerNorm()
        (dropout1): Identity()
        (dropout2): Identity()
        (fusion): Fusion(
          (sa): SpatialAttention(
            (sa): Conv2d(2, 1, kernel_size=(7, 7), stride=(1, 1), padding=(3, 3), padding_mode=reflect)
          )
          (ca): ChannelAttention(
            (gap): AdaptiveAvgPool2d(output_size=1)
            (ca): Sequential(
              (0): Conv2d(512, 64, kernel_size=(1, 1), stride=(1, 1))
              (1): ReLU(inplace=True)
              (2): Conv2d(64, 512, kernel_size=(1, 1), stride=(1, 1))
            )
          )
          (pa): PA(
            (conv): Conv2d(512, 512, kernel_size=(1, 1), stride=(1, 1))
            (sigmoid): Sigmoid()
          )
          (conv): Conv2d(512, 512, kernel_size=(1, 1), stride=(1, 1))
          (sigmoid): Sigmoid()
        )
        (gelu): GELU(approximate='none')
      )
      (11): CFBlock(
        (mlp): Sequential(
          (0): SimpleGate()
          (1): Linear(in_features=128, out_features=2048, bias=True)
        )
        (conv1): Conv2d(512, 1024, kernel_size=(1, 1), stride=(1, 1))
        (conv2): Conv2d(1024, 1024, kernel_size=(3, 3), stride=(1, 1), padding=(1, 1), groups=1024)
        (conv3): Conv2d(512, 512, kernel_size=(3, 3), stride=(1, 1), padding=(1, 1), groups=512)
        (dconv1): Sequential(
          (0): Conv2d(512, 512, kernel_size=(3, 3), stride=(1, 1), padding=(2, 2), dilation=(2, 2), groups=512)
          (1): GELU(approximate='none')
        )
        (dconv2): Sequential(
          (0): Conv2d(512, 512, kernel_size=(3, 3), stride=(1, 1), padding=(4, 4), dilation=(4, 4), groups=512)
          (1): GELU(approximate='none')
        )
        (dconv3): Sequential(
          (0): Conv2d(512, 512, kernel_size=(3, 3), stride=(1, 1), padding=(8, 8), dilation=(8, 8), groups=512)
          (1): GELU(approximate='none')
        )
        (sca): Sequential(
          (0): AdaptiveAvgPool2d(output_size=1)
          (1): Conv2d(512, 512, kernel_size=(1, 1), stride=(1, 1))
        )
        (sg): SimpleGate()
        (conv4): Conv2d(512, 1024, kernel_size=(1, 1), stride=(1, 1))
        (conv5): Conv2d(512, 512, kernel_size=(1, 1), stride=(1, 1))
        (norm1): LayerNorm()
        (norm2): LayerNorm()
        (dropout1): Identity()
        (dropout2): Identity()
        (fusion): Fusion(
          (sa): SpatialAttention(
            (sa): Conv2d(2, 1, kernel_size=(7, 7), stride=(1, 1), padding=(3, 3), padding_mode=reflect)
          )
          (ca): ChannelAttention(
            (gap): AdaptiveAvgPool2d(output_size=1)
            (ca): Sequential(
              (0): Conv2d(512, 64, kernel_size=(1, 1), stride=(1, 1))
              (1): ReLU(inplace=True)
              (2): Conv2d(64, 512, kernel_size=(1, 1), stride=(1, 1))
            )
          )
          (pa): PA(
            (conv): Conv2d(512, 512, kernel_size=(1, 1), stride=(1, 1))
            (sigmoid): Sigmoid()
          )
          (conv): Conv2d(512, 512, kernel_size=(1, 1), stride=(1, 1))
          (sigmoid): Sigmoid()
        )
        (gelu): GELU(approximate='none')
      )
      (12): CFBlock(
        (mlp): Sequential(
          (0): SimpleGate()
          (1): Linear(in_features=128, out_features=2048, bias=True)
        )
        (conv1): Conv2d(512, 1024, kernel_size=(1, 1), stride=(1, 1))
        (conv2): Conv2d(1024, 1024, kernel_size=(3, 3), stride=(1, 1), padding=(1, 1), groups=1024)
        (conv3): Conv2d(512, 512, kernel_size=(3, 3), stride=(1, 1), padding=(1, 1), groups=512)
        (dconv1): Sequential(
          (0): Conv2d(512, 512, kernel_size=(3, 3), stride=(1, 1), padding=(2, 2), dilation=(2, 2), groups=512)
          (1): GELU(approximate='none')
        )
        (dconv2): Sequential(
          (0): Conv2d(512, 512, kernel_size=(3, 3), stride=(1, 1), padding=(4, 4), dilation=(4, 4), groups=512)
          (1): GELU(approximate='none')
        )
        (dconv3): Sequential(
          (0): Conv2d(512, 512, kernel_size=(3, 3), stride=(1, 1), padding=(8, 8), dilation=(8, 8), groups=512)
          (1): GELU(approximate='none')
        )
        (sca): Sequential(
          (0): AdaptiveAvgPool2d(output_size=1)
          (1): Conv2d(512, 512, kernel_size=(1, 1), stride=(1, 1))
        )
        (sg): SimpleGate()
        (conv4): Conv2d(512, 1024, kernel_size=(1, 1), stride=(1, 1))
        (conv5): Conv2d(512, 512, kernel_size=(1, 1), stride=(1, 1))
        (norm1): LayerNorm()
        (norm2): LayerNorm()
        (dropout1): Identity()
        (dropout2): Identity()
        (fusion): Fusion(
          (sa): SpatialAttention(
            (sa): Conv2d(2, 1, kernel_size=(7, 7), stride=(1, 1), padding=(3, 3), padding_mode=reflect)
          )
          (ca): ChannelAttention(
            (gap): AdaptiveAvgPool2d(output_size=1)
            (ca): Sequential(
              (0): Conv2d(512, 64, kernel_size=(1, 1), stride=(1, 1))
              (1): ReLU(inplace=True)
              (2): Conv2d(64, 512, kernel_size=(1, 1), stride=(1, 1))
            )
          )
          (pa): PA(
            (conv): Conv2d(512, 512, kernel_size=(1, 1), stride=(1, 1))
            (sigmoid): Sigmoid()
          )
          (conv): Conv2d(512, 512, kernel_size=(1, 1), stride=(1, 1))
          (sigmoid): Sigmoid()
        )
        (gelu): GELU(approximate='none')
      )
      (13): CFBlock(
        (mlp): Sequential(
          (0): SimpleGate()
          (1): Linear(in_features=128, out_features=2048, bias=True)
        )
        (conv1): Conv2d(512, 1024, kernel_size=(1, 1), stride=(1, 1))
        (conv2): Conv2d(1024, 1024, kernel_size=(3, 3), stride=(1, 1), padding=(1, 1), groups=1024)
        (conv3): Conv2d(512, 512, kernel_size=(3, 3), stride=(1, 1), padding=(1, 1), groups=512)
        (dconv1): Sequential(
          (0): Conv2d(512, 512, kernel_size=(3, 3), stride=(1, 1), padding=(2, 2), dilation=(2, 2), groups=512)
          (1): GELU(approximate='none')
        )
        (dconv2): Sequential(
          (0): Conv2d(512, 512, kernel_size=(3, 3), stride=(1, 1), padding=(4, 4), dilation=(4, 4), groups=512)
          (1): GELU(approximate='none')
        )
        (dconv3): Sequential(
          (0): Conv2d(512, 512, kernel_size=(3, 3), stride=(1, 1), padding=(8, 8), dilation=(8, 8), groups=512)
          (1): GELU(approximate='none')
        )
        (sca): Sequential(
          (0): AdaptiveAvgPool2d(output_size=1)
          (1): Conv2d(512, 512, kernel_size=(1, 1), stride=(1, 1))
        )
        (sg): SimpleGate()
        (conv4): Conv2d(512, 1024, kernel_size=(1, 1), stride=(1, 1))
        (conv5): Conv2d(512, 512, kernel_size=(1, 1), stride=(1, 1))
        (norm1): LayerNorm()
        (norm2): LayerNorm()
        (dropout1): Identity()
        (dropout2): Identity()
        (fusion): Fusion(
          (sa): SpatialAttention(
            (sa): Conv2d(2, 1, kernel_size=(7, 7), stride=(1, 1), padding=(3, 3), padding_mode=reflect)
          )
          (ca): ChannelAttention(
            (gap): AdaptiveAvgPool2d(output_size=1)
            (ca): Sequential(
              (0): Conv2d(512, 64, kernel_size=(1, 1), stride=(1, 1))
              (1): ReLU(inplace=True)
              (2): Conv2d(64, 512, kernel_size=(1, 1), stride=(1, 1))
            )
          )
          (pa): PA(
            (conv): Conv2d(512, 512, kernel_size=(1, 1), stride=(1, 1))
            (sigmoid): Sigmoid()
          )
          (conv): Conv2d(512, 512, kernel_size=(1, 1), stride=(1, 1))
          (sigmoid): Sigmoid()
        )
        (gelu): GELU(approximate='none')
      )
      (14): CFBlock(
        (mlp): Sequential(
          (0): SimpleGate()
          (1): Linear(in_features=128, out_features=2048, bias=True)
        )
        (conv1): Conv2d(512, 1024, kernel_size=(1, 1), stride=(1, 1))
        (conv2): Conv2d(1024, 1024, kernel_size=(3, 3), stride=(1, 1), padding=(1, 1), groups=1024)
        (conv3): Conv2d(512, 512, kernel_size=(3, 3), stride=(1, 1), padding=(1, 1), groups=512)
        (dconv1): Sequential(
          (0): Conv2d(512, 512, kernel_size=(3, 3), stride=(1, 1), padding=(2, 2), dilation=(2, 2), groups=512)
          (1): GELU(approximate='none')
        )
        (dconv2): Sequential(
          (0): Conv2d(512, 512, kernel_size=(3, 3), stride=(1, 1), padding=(4, 4), dilation=(4, 4), groups=512)
          (1): GELU(approximate='none')
        )
        (dconv3): Sequential(
          (0): Conv2d(512, 512, kernel_size=(3, 3), stride=(1, 1), padding=(8, 8), dilation=(8, 8), groups=512)
          (1): GELU(approximate='none')
        )
        (sca): Sequential(
          (0): AdaptiveAvgPool2d(output_size=1)
          (1): Conv2d(512, 512, kernel_size=(1, 1), stride=(1, 1))
        )
        (sg): SimpleGate()
        (conv4): Conv2d(512, 1024, kernel_size=(1, 1), stride=(1, 1))
        (conv5): Conv2d(512, 512, kernel_size=(1, 1), stride=(1, 1))
        (norm1): LayerNorm()
        (norm2): LayerNorm()
        (dropout1): Identity()
        (dropout2): Identity()
        (fusion): Fusion(
          (sa): SpatialAttention(
            (sa): Conv2d(2, 1, kernel_size=(7, 7), stride=(1, 1), padding=(3, 3), padding_mode=reflect)
          )
          (ca): ChannelAttention(
            (gap): AdaptiveAvgPool2d(output_size=1)
            (ca): Sequential(
              (0): Conv2d(512, 64, kernel_size=(1, 1), stride=(1, 1))
              (1): ReLU(inplace=True)
              (2): Conv2d(64, 512, kernel_size=(1, 1), stride=(1, 1))
            )
          )
          (pa): PA(
            (conv): Conv2d(512, 512, kernel_size=(1, 1), stride=(1, 1))
            (sigmoid): Sigmoid()
          )
          (conv): Conv2d(512, 512, kernel_size=(1, 1), stride=(1, 1))
          (sigmoid): Sigmoid()
        )
        (gelu): GELU(approximate='none')
      )
      (15): CFBlock(
        (mlp): Sequential(
          (0): SimpleGate()
          (1): Linear(in_features=128, out_features=2048, bias=True)
        )
        (conv1): Conv2d(512, 1024, kernel_size=(1, 1), stride=(1, 1))
        (conv2): Conv2d(1024, 1024, kernel_size=(3, 3), stride=(1, 1), padding=(1, 1), groups=1024)
        (conv3): Conv2d(512, 512, kernel_size=(3, 3), stride=(1, 1), padding=(1, 1), groups=512)
        (dconv1): Sequential(
          (0): Conv2d(512, 512, kernel_size=(3, 3), stride=(1, 1), padding=(2, 2), dilation=(2, 2), groups=512)
          (1): GELU(approximate='none')
        )
        (dconv2): Sequential(
          (0): Conv2d(512, 512, kernel_size=(3, 3), stride=(1, 1), padding=(4, 4), dilation=(4, 4), groups=512)
          (1): GELU(approximate='none')
        )
        (dconv3): Sequential(
          (0): Conv2d(512, 512, kernel_size=(3, 3), stride=(1, 1), padding=(8, 8), dilation=(8, 8), groups=512)
          (1): GELU(approximate='none')
        )
        (sca): Sequential(
          (0): AdaptiveAvgPool2d(output_size=1)
          (1): Conv2d(512, 512, kernel_size=(1, 1), stride=(1, 1))
        )
        (sg): SimpleGate()
        (conv4): Conv2d(512, 1024, kernel_size=(1, 1), stride=(1, 1))
        (conv5): Conv2d(512, 512, kernel_size=(1, 1), stride=(1, 1))
        (norm1): LayerNorm()
        (norm2): LayerNorm()
        (dropout1): Identity()
        (dropout2): Identity()
        (fusion): Fusion(
          (sa): SpatialAttention(
            (sa): Conv2d(2, 1, kernel_size=(7, 7), stride=(1, 1), padding=(3, 3), padding_mode=reflect)
          )
          (ca): ChannelAttention(
            (gap): AdaptiveAvgPool2d(output_size=1)
            (ca): Sequential(
              (0): Conv2d(512, 64, kernel_size=(1, 1), stride=(1, 1))
              (1): ReLU(inplace=True)
              (2): Conv2d(64, 512, kernel_size=(1, 1), stride=(1, 1))
            )
          )
          (pa): PA(
            (conv): Conv2d(512, 512, kernel_size=(1, 1), stride=(1, 1))
            (sigmoid): Sigmoid()
          )
          (conv): Conv2d(512, 512, kernel_size=(1, 1), stride=(1, 1))
          (sigmoid): Sigmoid()
        )
        (gelu): GELU(approximate='none')
      )
      (16): CFBlock(
        (mlp): Sequential(
          (0): SimpleGate()
          (1): Linear(in_features=128, out_features=2048, bias=True)
        )
        (conv1): Conv2d(512, 1024, kernel_size=(1, 1), stride=(1, 1))
        (conv2): Conv2d(1024, 1024, kernel_size=(3, 3), stride=(1, 1), padding=(1, 1), groups=1024)
        (conv3): Conv2d(512, 512, kernel_size=(3, 3), stride=(1, 1), padding=(1, 1), groups=512)
        (dconv1): Sequential(
          (0): Conv2d(512, 512, kernel_size=(3, 3), stride=(1, 1), padding=(2, 2), dilation=(2, 2), groups=512)
          (1): GELU(approximate='none')
        )
        (dconv2): Sequential(
          (0): Conv2d(512, 512, kernel_size=(3, 3), stride=(1, 1), padding=(4, 4), dilation=(4, 4), groups=512)
          (1): GELU(approximate='none')
        )
        (dconv3): Sequential(
          (0): Conv2d(512, 512, kernel_size=(3, 3), stride=(1, 1), padding=(8, 8), dilation=(8, 8), groups=512)
          (1): GELU(approximate='none')
        )
        (sca): Sequential(
          (0): AdaptiveAvgPool2d(output_size=1)
          (1): Conv2d(512, 512, kernel_size=(1, 1), stride=(1, 1))
        )
        (sg): SimpleGate()
        (conv4): Conv2d(512, 1024, kernel_size=(1, 1), stride=(1, 1))
        (conv5): Conv2d(512, 512, kernel_size=(1, 1), stride=(1, 1))
        (norm1): LayerNorm()
        (norm2): LayerNorm()
        (dropout1): Identity()
        (dropout2): Identity()
        (fusion): Fusion(
          (sa): SpatialAttention(
            (sa): Conv2d(2, 1, kernel_size=(7, 7), stride=(1, 1), padding=(3, 3), padding_mode=reflect)
          )
          (ca): ChannelAttention(
            (gap): AdaptiveAvgPool2d(output_size=1)
            (ca): Sequential(
              (0): Conv2d(512, 64, kernel_size=(1, 1), stride=(1, 1))
              (1): ReLU(inplace=True)
              (2): Conv2d(64, 512, kernel_size=(1, 1), stride=(1, 1))
            )
          )
          (pa): PA(
            (conv): Conv2d(512, 512, kernel_size=(1, 1), stride=(1, 1))
            (sigmoid): Sigmoid()
          )
          (conv): Conv2d(512, 512, kernel_size=(1, 1), stride=(1, 1))
          (sigmoid): Sigmoid()
        )
        (gelu): GELU(approximate='none')
      )
      (17): CFBlock(
        (mlp): Sequential(
          (0): SimpleGate()
          (1): Linear(in_features=128, out_features=2048, bias=True)
        )
        (conv1): Conv2d(512, 1024, kernel_size=(1, 1), stride=(1, 1))
        (conv2): Conv2d(1024, 1024, kernel_size=(3, 3), stride=(1, 1), padding=(1, 1), groups=1024)
        (conv3): Conv2d(512, 512, kernel_size=(3, 3), stride=(1, 1), padding=(1, 1), groups=512)
        (dconv1): Sequential(
          (0): Conv2d(512, 512, kernel_size=(3, 3), stride=(1, 1), padding=(2, 2), dilation=(2, 2), groups=512)
          (1): GELU(approximate='none')
        )
        (dconv2): Sequential(
          (0): Conv2d(512, 512, kernel_size=(3, 3), stride=(1, 1), padding=(4, 4), dilation=(4, 4), groups=512)
          (1): GELU(approximate='none')
        )
        (dconv3): Sequential(
          (0): Conv2d(512, 512, kernel_size=(3, 3), stride=(1, 1), padding=(8, 8), dilation=(8, 8), groups=512)
          (1): GELU(approximate='none')
        )
        (sca): Sequential(
          (0): AdaptiveAvgPool2d(output_size=1)
          (1): Conv2d(512, 512, kernel_size=(1, 1), stride=(1, 1))
        )
        (sg): SimpleGate()
        (conv4): Conv2d(512, 1024, kernel_size=(1, 1), stride=(1, 1))
        (conv5): Conv2d(512, 512, kernel_size=(1, 1), stride=(1, 1))
        (norm1): LayerNorm()
        (norm2): LayerNorm()
        (dropout1): Identity()
        (dropout2): Identity()
        (fusion): Fusion(
          (sa): SpatialAttention(
            (sa): Conv2d(2, 1, kernel_size=(7, 7), stride=(1, 1), padding=(3, 3), padding_mode=reflect)
          )
          (ca): ChannelAttention(
            (gap): AdaptiveAvgPool2d(output_size=1)
            (ca): Sequential(
              (0): Conv2d(512, 64, kernel_size=(1, 1), stride=(1, 1))
              (1): ReLU(inplace=True)
              (2): Conv2d(64, 512, kernel_size=(1, 1), stride=(1, 1))
            )
          )
          (pa): PA(
            (conv): Conv2d(512, 512, kernel_size=(1, 1), stride=(1, 1))
            (sigmoid): Sigmoid()
          )
          (conv): Conv2d(512, 512, kernel_size=(1, 1), stride=(1, 1))
          (sigmoid): Sigmoid()
        )
        (gelu): GELU(approximate='none')
      )
      (18): CFBlock(
        (mlp): Sequential(
          (0): SimpleGate()
          (1): Linear(in_features=128, out_features=2048, bias=True)
        )
        (conv1): Conv2d(512, 1024, kernel_size=(1, 1), stride=(1, 1))
        (conv2): Conv2d(1024, 1024, kernel_size=(3, 3), stride=(1, 1), padding=(1, 1), groups=1024)
        (conv3): Conv2d(512, 512, kernel_size=(3, 3), stride=(1, 1), padding=(1, 1), groups=512)
        (dconv1): Sequential(
          (0): Conv2d(512, 512, kernel_size=(3, 3), stride=(1, 1), padding=(2, 2), dilation=(2, 2), groups=512)
          (1): GELU(approximate='none')
        )
        (dconv2): Sequential(
          (0): Conv2d(512, 512, kernel_size=(3, 3), stride=(1, 1), padding=(4, 4), dilation=(4, 4), groups=512)
          (1): GELU(approximate='none')
        )
        (dconv3): Sequential(
          (0): Conv2d(512, 512, kernel_size=(3, 3), stride=(1, 1), padding=(8, 8), dilation=(8, 8), groups=512)
          (1): GELU(approximate='none')
        )
        (sca): Sequential(
          (0): AdaptiveAvgPool2d(output_size=1)
          (1): Conv2d(512, 512, kernel_size=(1, 1), stride=(1, 1))
        )
        (sg): SimpleGate()
        (conv4): Conv2d(512, 1024, kernel_size=(1, 1), stride=(1, 1))
        (conv5): Conv2d(512, 512, kernel_size=(1, 1), stride=(1, 1))
        (norm1): LayerNorm()
        (norm2): LayerNorm()
        (dropout1): Identity()
        (dropout2): Identity()
        (fusion): Fusion(
          (sa): SpatialAttention(
            (sa): Conv2d(2, 1, kernel_size=(7, 7), stride=(1, 1), padding=(3, 3), padding_mode=reflect)
          )
          (ca): ChannelAttention(
            (gap): AdaptiveAvgPool2d(output_size=1)
            (ca): Sequential(
              (0): Conv2d(512, 64, kernel_size=(1, 1), stride=(1, 1))
              (1): ReLU(inplace=True)
              (2): Conv2d(64, 512, kernel_size=(1, 1), stride=(1, 1))
            )
          )
          (pa): PA(
            (conv): Conv2d(512, 512, kernel_size=(1, 1), stride=(1, 1))
            (sigmoid): Sigmoid()
          )
          (conv): Conv2d(512, 512, kernel_size=(1, 1), stride=(1, 1))
          (sigmoid): Sigmoid()
        )
        (gelu): GELU(approximate='none')
      )
      (19): CFBlock(
        (mlp): Sequential(
          (0): SimpleGate()
          (1): Linear(in_features=128, out_features=2048, bias=True)
        )
        (conv1): Conv2d(512, 1024, kernel_size=(1, 1), stride=(1, 1))
        (conv2): Conv2d(1024, 1024, kernel_size=(3, 3), stride=(1, 1), padding=(1, 1), groups=1024)
        (conv3): Conv2d(512, 512, kernel_size=(3, 3), stride=(1, 1), padding=(1, 1), groups=512)
        (dconv1): Sequential(
          (0): Conv2d(512, 512, kernel_size=(3, 3), stride=(1, 1), padding=(2, 2), dilation=(2, 2), groups=512)
          (1): GELU(approximate='none')
        )
        (dconv2): Sequential(
          (0): Conv2d(512, 512, kernel_size=(3, 3), stride=(1, 1), padding=(4, 4), dilation=(4, 4), groups=512)
          (1): GELU(approximate='none')
        )
        (dconv3): Sequential(
          (0): Conv2d(512, 512, kernel_size=(3, 3), stride=(1, 1), padding=(8, 8), dilation=(8, 8), groups=512)
          (1): GELU(approximate='none')
        )
        (sca): Sequential(
          (0): AdaptiveAvgPool2d(output_size=1)
          (1): Conv2d(512, 512, kernel_size=(1, 1), stride=(1, 1))
        )
        (sg): SimpleGate()
        (conv4): Conv2d(512, 1024, kernel_size=(1, 1), stride=(1, 1))
        (conv5): Conv2d(512, 512, kernel_size=(1, 1), stride=(1, 1))
        (norm1): LayerNorm()
        (norm2): LayerNorm()
        (dropout1): Identity()
        (dropout2): Identity()
        (fusion): Fusion(
          (sa): SpatialAttention(
            (sa): Conv2d(2, 1, kernel_size=(7, 7), stride=(1, 1), padding=(3, 3), padding_mode=reflect)
          )
          (ca): ChannelAttention(
            (gap): AdaptiveAvgPool2d(output_size=1)
            (ca): Sequential(
              (0): Conv2d(512, 64, kernel_size=(1, 1), stride=(1, 1))
              (1): ReLU(inplace=True)
              (2): Conv2d(64, 512, kernel_size=(1, 1), stride=(1, 1))
            )
          )
          (pa): PA(
            (conv): Conv2d(512, 512, kernel_size=(1, 1), stride=(1, 1))
            (sigmoid): Sigmoid()
          )
          (conv): Conv2d(512, 512, kernel_size=(1, 1), stride=(1, 1))
          (sigmoid): Sigmoid()
        )
        (gelu): GELU(approximate='none')
      )
      (20): CFBlock(
        (mlp): Sequential(
          (0): SimpleGate()
          (1): Linear(in_features=128, out_features=2048, bias=True)
        )
        (conv1): Conv2d(512, 1024, kernel_size=(1, 1), stride=(1, 1))
        (conv2): Conv2d(1024, 1024, kernel_size=(3, 3), stride=(1, 1), padding=(1, 1), groups=1024)
        (conv3): Conv2d(512, 512, kernel_size=(3, 3), stride=(1, 1), padding=(1, 1), groups=512)
        (dconv1): Sequential(
          (0): Conv2d(512, 512, kernel_size=(3, 3), stride=(1, 1), padding=(2, 2), dilation=(2, 2), groups=512)
          (1): GELU(approximate='none')
        )
        (dconv2): Sequential(
          (0): Conv2d(512, 512, kernel_size=(3, 3), stride=(1, 1), padding=(4, 4), dilation=(4, 4), groups=512)
          (1): GELU(approximate='none')
        )
        (dconv3): Sequential(
          (0): Conv2d(512, 512, kernel_size=(3, 3), stride=(1, 1), padding=(8, 8), dilation=(8, 8), groups=512)
          (1): GELU(approximate='none')
        )
        (sca): Sequential(
          (0): AdaptiveAvgPool2d(output_size=1)
          (1): Conv2d(512, 512, kernel_size=(1, 1), stride=(1, 1))
        )
        (sg): SimpleGate()
        (conv4): Conv2d(512, 1024, kernel_size=(1, 1), stride=(1, 1))
        (conv5): Conv2d(512, 512, kernel_size=(1, 1), stride=(1, 1))
        (norm1): LayerNorm()
        (norm2): LayerNorm()
        (dropout1): Identity()
        (dropout2): Identity()
        (fusion): Fusion(
          (sa): SpatialAttention(
            (sa): Conv2d(2, 1, kernel_size=(7, 7), stride=(1, 1), padding=(3, 3), padding_mode=reflect)
          )
          (ca): ChannelAttention(
            (gap): AdaptiveAvgPool2d(output_size=1)
            (ca): Sequential(
              (0): Conv2d(512, 64, kernel_size=(1, 1), stride=(1, 1))
              (1): ReLU(inplace=True)
              (2): Conv2d(64, 512, kernel_size=(1, 1), stride=(1, 1))
            )
          )
          (pa): PA(
            (conv): Conv2d(512, 512, kernel_size=(1, 1), stride=(1, 1))
            (sigmoid): Sigmoid()
          )
          (conv): Conv2d(512, 512, kernel_size=(1, 1), stride=(1, 1))
          (sigmoid): Sigmoid()
        )
        (gelu): GELU(approximate='none')
      )
      (21): CFBlock(
        (mlp): Sequential(
          (0): SimpleGate()
          (1): Linear(in_features=128, out_features=2048, bias=True)
        )
        (conv1): Conv2d(512, 1024, kernel_size=(1, 1), stride=(1, 1))
        (conv2): Conv2d(1024, 1024, kernel_size=(3, 3), stride=(1, 1), padding=(1, 1), groups=1024)
        (conv3): Conv2d(512, 512, kernel_size=(3, 3), stride=(1, 1), padding=(1, 1), groups=512)
        (dconv1): Sequential(
          (0): Conv2d(512, 512, kernel_size=(3, 3), stride=(1, 1), padding=(2, 2), dilation=(2, 2), groups=512)
          (1): GELU(approximate='none')
        )
        (dconv2): Sequential(
          (0): Conv2d(512, 512, kernel_size=(3, 3), stride=(1, 1), padding=(4, 4), dilation=(4, 4), groups=512)
          (1): GELU(approximate='none')
        )
        (dconv3): Sequential(
          (0): Conv2d(512, 512, kernel_size=(3, 3), stride=(1, 1), padding=(8, 8), dilation=(8, 8), groups=512)
          (1): GELU(approximate='none')
        )
        (sca): Sequential(
          (0): AdaptiveAvgPool2d(output_size=1)
          (1): Conv2d(512, 512, kernel_size=(1, 1), stride=(1, 1))
        )
        (sg): SimpleGate()
        (conv4): Conv2d(512, 1024, kernel_size=(1, 1), stride=(1, 1))
        (conv5): Conv2d(512, 512, kernel_size=(1, 1), stride=(1, 1))
        (norm1): LayerNorm()
        (norm2): LayerNorm()
        (dropout1): Identity()
        (dropout2): Identity()
        (fusion): Fusion(
          (sa): SpatialAttention(
            (sa): Conv2d(2, 1, kernel_size=(7, 7), stride=(1, 1), padding=(3, 3), padding_mode=reflect)
          )
          (ca): ChannelAttention(
            (gap): AdaptiveAvgPool2d(output_size=1)
            (ca): Sequential(
              (0): Conv2d(512, 64, kernel_size=(1, 1), stride=(1, 1))
              (1): ReLU(inplace=True)
              (2): Conv2d(64, 512, kernel_size=(1, 1), stride=(1, 1))
            )
          )
          (pa): PA(
            (conv): Conv2d(512, 512, kernel_size=(1, 1), stride=(1, 1))
            (sigmoid): Sigmoid()
          )
          (conv): Conv2d(512, 512, kernel_size=(1, 1), stride=(1, 1))
          (sigmoid): Sigmoid()
        )
        (gelu): GELU(approximate='none')
      )
      (22): CFBlock(
        (mlp): Sequential(
          (0): SimpleGate()
          (1): Linear(in_features=128, out_features=2048, bias=True)
        )
        (conv1): Conv2d(512, 1024, kernel_size=(1, 1), stride=(1, 1))
        (conv2): Conv2d(1024, 1024, kernel_size=(3, 3), stride=(1, 1), padding=(1, 1), groups=1024)
        (conv3): Conv2d(512, 512, kernel_size=(3, 3), stride=(1, 1), padding=(1, 1), groups=512)
        (dconv1): Sequential(
          (0): Conv2d(512, 512, kernel_size=(3, 3), stride=(1, 1), padding=(2, 2), dilation=(2, 2), groups=512)
          (1): GELU(approximate='none')
        )
        (dconv2): Sequential(
          (0): Conv2d(512, 512, kernel_size=(3, 3), stride=(1, 1), padding=(4, 4), dilation=(4, 4), groups=512)
          (1): GELU(approximate='none')
        )
        (dconv3): Sequential(
          (0): Conv2d(512, 512, kernel_size=(3, 3), stride=(1, 1), padding=(8, 8), dilation=(8, 8), groups=512)
          (1): GELU(approximate='none')
        )
        (sca): Sequential(
          (0): AdaptiveAvgPool2d(output_size=1)
          (1): Conv2d(512, 512, kernel_size=(1, 1), stride=(1, 1))
        )
        (sg): SimpleGate()
        (conv4): Conv2d(512, 1024, kernel_size=(1, 1), stride=(1, 1))
        (conv5): Conv2d(512, 512, kernel_size=(1, 1), stride=(1, 1))
        (norm1): LayerNorm()
        (norm2): LayerNorm()
        (dropout1): Identity()
        (dropout2): Identity()
        (fusion): Fusion(
          (sa): SpatialAttention(
            (sa): Conv2d(2, 1, kernel_size=(7, 7), stride=(1, 1), padding=(3, 3), padding_mode=reflect)
          )
          (ca): ChannelAttention(
            (gap): AdaptiveAvgPool2d(output_size=1)
            (ca): Sequential(
              (0): Conv2d(512, 64, kernel_size=(1, 1), stride=(1, 1))
              (1): ReLU(inplace=True)
              (2): Conv2d(64, 512, kernel_size=(1, 1), stride=(1, 1))
            )
          )
          (pa): PA(
            (conv): Conv2d(512, 512, kernel_size=(1, 1), stride=(1, 1))
            (sigmoid): Sigmoid()
          )
          (conv): Conv2d(512, 512, kernel_size=(1, 1), stride=(1, 1))
          (sigmoid): Sigmoid()
        )
        (gelu): GELU(approximate='none')
      )
      (23): CFBlock(
        (mlp): Sequential(
          (0): SimpleGate()
          (1): Linear(in_features=128, out_features=2048, bias=True)
        )
        (conv1): Conv2d(512, 1024, kernel_size=(1, 1), stride=(1, 1))
        (conv2): Conv2d(1024, 1024, kernel_size=(3, 3), stride=(1, 1), padding=(1, 1), groups=1024)
        (conv3): Conv2d(512, 512, kernel_size=(3, 3), stride=(1, 1), padding=(1, 1), groups=512)
        (dconv1): Sequential(
          (0): Conv2d(512, 512, kernel_size=(3, 3), stride=(1, 1), padding=(2, 2), dilation=(2, 2), groups=512)
          (1): GELU(approximate='none')
        )
        (dconv2): Sequential(
          (0): Conv2d(512, 512, kernel_size=(3, 3), stride=(1, 1), padding=(4, 4), dilation=(4, 4), groups=512)
          (1): GELU(approximate='none')
        )
        (dconv3): Sequential(
          (0): Conv2d(512, 512, kernel_size=(3, 3), stride=(1, 1), padding=(8, 8), dilation=(8, 8), groups=512)
          (1): GELU(approximate='none')
        )
        (sca): Sequential(
          (0): AdaptiveAvgPool2d(output_size=1)
          (1): Conv2d(512, 512, kernel_size=(1, 1), stride=(1, 1))
        )
        (sg): SimpleGate()
        (conv4): Conv2d(512, 1024, kernel_size=(1, 1), stride=(1, 1))
        (conv5): Conv2d(512, 512, kernel_size=(1, 1), stride=(1, 1))
        (norm1): LayerNorm()
        (norm2): LayerNorm()
        (dropout1): Identity()
        (dropout2): Identity()
        (fusion): Fusion(
          (sa): SpatialAttention(
            (sa): Conv2d(2, 1, kernel_size=(7, 7), stride=(1, 1), padding=(3, 3), padding_mode=reflect)
          )
          (ca): ChannelAttention(
            (gap): AdaptiveAvgPool2d(output_size=1)
            (ca): Sequential(
              (0): Conv2d(512, 64, kernel_size=(1, 1), stride=(1, 1))
              (1): ReLU(inplace=True)
              (2): Conv2d(64, 512, kernel_size=(1, 1), stride=(1, 1))
            )
          )
          (pa): PA(
            (conv): Conv2d(512, 512, kernel_size=(1, 1), stride=(1, 1))
            (sigmoid): Sigmoid()
          )
          (conv): Conv2d(512, 512, kernel_size=(1, 1), stride=(1, 1))
          (sigmoid): Sigmoid()
        )
        (gelu): GELU(approximate='none')
      )
      (24): CFBlock(
        (mlp): Sequential(
          (0): SimpleGate()
          (1): Linear(in_features=128, out_features=2048, bias=True)
        )
        (conv1): Conv2d(512, 1024, kernel_size=(1, 1), stride=(1, 1))
        (conv2): Conv2d(1024, 1024, kernel_size=(3, 3), stride=(1, 1), padding=(1, 1), groups=1024)
        (conv3): Conv2d(512, 512, kernel_size=(3, 3), stride=(1, 1), padding=(1, 1), groups=512)
        (dconv1): Sequential(
          (0): Conv2d(512, 512, kernel_size=(3, 3), stride=(1, 1), padding=(2, 2), dilation=(2, 2), groups=512)
          (1): GELU(approximate='none')
        )
        (dconv2): Sequential(
          (0): Conv2d(512, 512, kernel_size=(3, 3), stride=(1, 1), padding=(4, 4), dilation=(4, 4), groups=512)
          (1): GELU(approximate='none')
        )
        (dconv3): Sequential(
          (0): Conv2d(512, 512, kernel_size=(3, 3), stride=(1, 1), padding=(8, 8), dilation=(8, 8), groups=512)
          (1): GELU(approximate='none')
        )
        (sca): Sequential(
          (0): AdaptiveAvgPool2d(output_size=1)
          (1): Conv2d(512, 512, kernel_size=(1, 1), stride=(1, 1))
        )
        (sg): SimpleGate()
        (conv4): Conv2d(512, 1024, kernel_size=(1, 1), stride=(1, 1))
        (conv5): Conv2d(512, 512, kernel_size=(1, 1), stride=(1, 1))
        (norm1): LayerNorm()
        (norm2): LayerNorm()
        (dropout1): Identity()
        (dropout2): Identity()
        (fusion): Fusion(
          (sa): SpatialAttention(
            (sa): Conv2d(2, 1, kernel_size=(7, 7), stride=(1, 1), padding=(3, 3), padding_mode=reflect)
          )
          (ca): ChannelAttention(
            (gap): AdaptiveAvgPool2d(output_size=1)
            (ca): Sequential(
              (0): Conv2d(512, 64, kernel_size=(1, 1), stride=(1, 1))
              (1): ReLU(inplace=True)
              (2): Conv2d(64, 512, kernel_size=(1, 1), stride=(1, 1))
            )
          )
          (pa): PA(
            (conv): Conv2d(512, 512, kernel_size=(1, 1), stride=(1, 1))
            (sigmoid): Sigmoid()
          )
          (conv): Conv2d(512, 512, kernel_size=(1, 1), stride=(1, 1))
          (sigmoid): Sigmoid()
        )
        (gelu): GELU(approximate='none')
      )
      (25): CFBlock(
        (mlp): Sequential(
          (0): SimpleGate()
          (1): Linear(in_features=128, out_features=2048, bias=True)
        )
        (conv1): Conv2d(512, 1024, kernel_size=(1, 1), stride=(1, 1))
        (conv2): Conv2d(1024, 1024, kernel_size=(3, 3), stride=(1, 1), padding=(1, 1), groups=1024)
        (conv3): Conv2d(512, 512, kernel_size=(3, 3), stride=(1, 1), padding=(1, 1), groups=512)
        (dconv1): Sequential(
          (0): Conv2d(512, 512, kernel_size=(3, 3), stride=(1, 1), padding=(2, 2), dilation=(2, 2), groups=512)
          (1): GELU(approximate='none')
        )
        (dconv2): Sequential(
          (0): Conv2d(512, 512, kernel_size=(3, 3), stride=(1, 1), padding=(4, 4), dilation=(4, 4), groups=512)
          (1): GELU(approximate='none')
        )
        (dconv3): Sequential(
          (0): Conv2d(512, 512, kernel_size=(3, 3), stride=(1, 1), padding=(8, 8), dilation=(8, 8), groups=512)
          (1): GELU(approximate='none')
        )
        (sca): Sequential(
          (0): AdaptiveAvgPool2d(output_size=1)
          (1): Conv2d(512, 512, kernel_size=(1, 1), stride=(1, 1))
        )
        (sg): SimpleGate()
        (conv4): Conv2d(512, 1024, kernel_size=(1, 1), stride=(1, 1))
        (conv5): Conv2d(512, 512, kernel_size=(1, 1), stride=(1, 1))
        (norm1): LayerNorm()
        (norm2): LayerNorm()
        (dropout1): Identity()
        (dropout2): Identity()
        (fusion): Fusion(
          (sa): SpatialAttention(
            (sa): Conv2d(2, 1, kernel_size=(7, 7), stride=(1, 1), padding=(3, 3), padding_mode=reflect)
          )
          (ca): ChannelAttention(
            (gap): AdaptiveAvgPool2d(output_size=1)
            (ca): Sequential(
              (0): Conv2d(512, 64, kernel_size=(1, 1), stride=(1, 1))
              (1): ReLU(inplace=True)
              (2): Conv2d(64, 512, kernel_size=(1, 1), stride=(1, 1))
            )
          )
          (pa): PA(
            (conv): Conv2d(512, 512, kernel_size=(1, 1), stride=(1, 1))
            (sigmoid): Sigmoid()
          )
          (conv): Conv2d(512, 512, kernel_size=(1, 1), stride=(1, 1))
          (sigmoid): Sigmoid()
        )
        (gelu): GELU(approximate='none')
      )
      (26): CFBlock(
        (mlp): Sequential(
          (0): SimpleGate()
          (1): Linear(in_features=128, out_features=2048, bias=True)
        )
        (conv1): Conv2d(512, 1024, kernel_size=(1, 1), stride=(1, 1))
        (conv2): Conv2d(1024, 1024, kernel_size=(3, 3), stride=(1, 1), padding=(1, 1), groups=1024)
        (conv3): Conv2d(512, 512, kernel_size=(3, 3), stride=(1, 1), padding=(1, 1), groups=512)
        (dconv1): Sequential(
          (0): Conv2d(512, 512, kernel_size=(3, 3), stride=(1, 1), padding=(2, 2), dilation=(2, 2), groups=512)
          (1): GELU(approximate='none')
        )
        (dconv2): Sequential(
          (0): Conv2d(512, 512, kernel_size=(3, 3), stride=(1, 1), padding=(4, 4), dilation=(4, 4), groups=512)
          (1): GELU(approximate='none')
        )
        (dconv3): Sequential(
          (0): Conv2d(512, 512, kernel_size=(3, 3), stride=(1, 1), padding=(8, 8), dilation=(8, 8), groups=512)
          (1): GELU(approximate='none')
        )
        (sca): Sequential(
          (0): AdaptiveAvgPool2d(output_size=1)
          (1): Conv2d(512, 512, kernel_size=(1, 1), stride=(1, 1))
        )
        (sg): SimpleGate()
        (conv4): Conv2d(512, 1024, kernel_size=(1, 1), stride=(1, 1))
        (conv5): Conv2d(512, 512, kernel_size=(1, 1), stride=(1, 1))
        (norm1): LayerNorm()
        (norm2): LayerNorm()
        (dropout1): Identity()
        (dropout2): Identity()
        (fusion): Fusion(
          (sa): SpatialAttention(
            (sa): Conv2d(2, 1, kernel_size=(7, 7), stride=(1, 1), padding=(3, 3), padding_mode=reflect)
          )
          (ca): ChannelAttention(
            (gap): AdaptiveAvgPool2d(output_size=1)
            (ca): Sequential(
              (0): Conv2d(512, 64, kernel_size=(1, 1), stride=(1, 1))
              (1): ReLU(inplace=True)
              (2): Conv2d(64, 512, kernel_size=(1, 1), stride=(1, 1))
            )
          )
          (pa): PA(
            (conv): Conv2d(512, 512, kernel_size=(1, 1), stride=(1, 1))
            (sigmoid): Sigmoid()
          )
          (conv): Conv2d(512, 512, kernel_size=(1, 1), stride=(1, 1))
          (sigmoid): Sigmoid()
        )
        (gelu): GELU(approximate='none')
      )
      (27): CFBlock(
        (mlp): Sequential(
          (0): SimpleGate()
          (1): Linear(in_features=128, out_features=2048, bias=True)
        )
        (conv1): Conv2d(512, 1024, kernel_size=(1, 1), stride=(1, 1))
        (conv2): Conv2d(1024, 1024, kernel_size=(3, 3), stride=(1, 1), padding=(1, 1), groups=1024)
        (conv3): Conv2d(512, 512, kernel_size=(3, 3), stride=(1, 1), padding=(1, 1), groups=512)
        (dconv1): Sequential(
          (0): Conv2d(512, 512, kernel_size=(3, 3), stride=(1, 1), padding=(2, 2), dilation=(2, 2), groups=512)
          (1): GELU(approximate='none')
        )
        (dconv2): Sequential(
          (0): Conv2d(512, 512, kernel_size=(3, 3), stride=(1, 1), padding=(4, 4), dilation=(4, 4), groups=512)
          (1): GELU(approximate='none')
        )
        (dconv3): Sequential(
          (0): Conv2d(512, 512, kernel_size=(3, 3), stride=(1, 1), padding=(8, 8), dilation=(8, 8), groups=512)
          (1): GELU(approximate='none')
        )
        (sca): Sequential(
          (0): AdaptiveAvgPool2d(output_size=1)
          (1): Conv2d(512, 512, kernel_size=(1, 1), stride=(1, 1))
        )
        (sg): SimpleGate()
        (conv4): Conv2d(512, 1024, kernel_size=(1, 1), stride=(1, 1))
        (conv5): Conv2d(512, 512, kernel_size=(1, 1), stride=(1, 1))
        (norm1): LayerNorm()
        (norm2): LayerNorm()
        (dropout1): Identity()
        (dropout2): Identity()
        (fusion): Fusion(
          (sa): SpatialAttention(
            (sa): Conv2d(2, 1, kernel_size=(7, 7), stride=(1, 1), padding=(3, 3), padding_mode=reflect)
          )
          (ca): ChannelAttention(
            (gap): AdaptiveAvgPool2d(output_size=1)
            (ca): Sequential(
              (0): Conv2d(512, 64, kernel_size=(1, 1), stride=(1, 1))
              (1): ReLU(inplace=True)
              (2): Conv2d(64, 512, kernel_size=(1, 1), stride=(1, 1))
            )
          )
          (pa): PA(
            (conv): Conv2d(512, 512, kernel_size=(1, 1), stride=(1, 1))
            (sigmoid): Sigmoid()
          )
          (conv): Conv2d(512, 512, kernel_size=(1, 1), stride=(1, 1))
          (sigmoid): Sigmoid()
        )
        (gelu): GELU(approximate='none')
      )
    )
  )
  (decoders): ModuleList(
    (0): Sequential(
      (0): CFBlock(
        (mlp): Sequential(
          (0): SimpleGate()
          (1): Linear(in_features=128, out_features=2048, bias=True)
        )
        (conv1): Conv2d(512, 1024, kernel_size=(1, 1), stride=(1, 1))
        (conv2): Conv2d(1024, 1024, kernel_size=(3, 3), stride=(1, 1), padding=(1, 1), groups=1024)
        (conv3): Conv2d(512, 512, kernel_size=(3, 3), stride=(1, 1), padding=(1, 1), groups=512)
        (dconv1): Sequential(
          (0): Conv2d(512, 512, kernel_size=(3, 3), stride=(1, 1), padding=(2, 2), dilation=(2, 2), groups=512)
          (1): GELU(approximate='none')
        )
        (dconv2): Sequential(
          (0): Conv2d(512, 512, kernel_size=(3, 3), stride=(1, 1), padding=(4, 4), dilation=(4, 4), groups=512)
          (1): GELU(approximate='none')
        )
        (dconv3): Sequential(
          (0): Conv2d(512, 512, kernel_size=(3, 3), stride=(1, 1), padding=(8, 8), dilation=(8, 8), groups=512)
          (1): GELU(approximate='none')
        )
        (sca): Sequential(
          (0): AdaptiveAvgPool2d(output_size=1)
          (1): Conv2d(512, 512, kernel_size=(1, 1), stride=(1, 1))
        )
        (sg): SimpleGate()
        (conv4): Conv2d(512, 1024, kernel_size=(1, 1), stride=(1, 1))
        (conv5): Conv2d(512, 512, kernel_size=(1, 1), stride=(1, 1))
        (norm1): LayerNorm()
        (norm2): LayerNorm()
        (dropout1): Identity()
        (dropout2): Identity()
        (fusion): Fusion(
          (sa): SpatialAttention(
            (sa): Conv2d(2, 1, kernel_size=(7, 7), stride=(1, 1), padding=(3, 3), padding_mode=reflect)
          )
          (ca): ChannelAttention(
            (gap): AdaptiveAvgPool2d(output_size=1)
            (ca): Sequential(
              (0): Conv2d(512, 64, kernel_size=(1, 1), stride=(1, 1))
              (1): ReLU(inplace=True)
              (2): Conv2d(64, 512, kernel_size=(1, 1), stride=(1, 1))
            )
          )
          (pa): PA(
            (conv): Conv2d(512, 512, kernel_size=(1, 1), stride=(1, 1))
            (sigmoid): Sigmoid()
          )
          (conv): Conv2d(512, 512, kernel_size=(1, 1), stride=(1, 1))
          (sigmoid): Sigmoid()
        )
        (gelu): GELU(approximate='none')
      )
    )
    (1): Sequential(
      (0): CFBlock(
        (mlp): Sequential(
          (0): SimpleGate()
          (1): Linear(in_features=128, out_features=1024, bias=True)
        )
        (conv1): Conv2d(256, 512, kernel_size=(1, 1), stride=(1, 1))
        (conv2): Conv2d(512, 512, kernel_size=(3, 3), stride=(1, 1), padding=(1, 1), groups=512)
        (conv3): Conv2d(256, 256, kernel_size=(3, 3), stride=(1, 1), padding=(1, 1), groups=256)
        (dconv1): Sequential(
          (0): Conv2d(256, 256, kernel_size=(3, 3), stride=(1, 1), padding=(2, 2), dilation=(2, 2), groups=256)
          (1): GELU(approximate='none')
        )
        (dconv2): Sequential(
          (0): Conv2d(256, 256, kernel_size=(3, 3), stride=(1, 1), padding=(4, 4), dilation=(4, 4), groups=256)
          (1): GELU(approximate='none')
        )
        (dconv3): Sequential(
          (0): Conv2d(256, 256, kernel_size=(3, 3), stride=(1, 1), padding=(8, 8), dilation=(8, 8), groups=256)
          (1): GELU(approximate='none')
        )
        (sca): Sequential(
          (0): AdaptiveAvgPool2d(output_size=1)
          (1): Conv2d(256, 256, kernel_size=(1, 1), stride=(1, 1))
        )
        (sg): SimpleGate()
        (conv4): Conv2d(256, 512, kernel_size=(1, 1), stride=(1, 1))
        (conv5): Conv2d(256, 256, kernel_size=(1, 1), stride=(1, 1))
        (norm1): LayerNorm()
        (norm2): LayerNorm()
        (dropout1): Identity()
        (dropout2): Identity()
        (fusion): Fusion(
          (sa): SpatialAttention(
            (sa): Conv2d(2, 1, kernel_size=(7, 7), stride=(1, 1), padding=(3, 3), padding_mode=reflect)
          )
          (ca): ChannelAttention(
            (gap): AdaptiveAvgPool2d(output_size=1)
            (ca): Sequential(
              (0): Conv2d(256, 32, kernel_size=(1, 1), stride=(1, 1))
              (1): ReLU(inplace=True)
              (2): Conv2d(32, 256, kernel_size=(1, 1), stride=(1, 1))
            )
          )
          (pa): PA(
            (conv): Conv2d(256, 256, kernel_size=(1, 1), stride=(1, 1))
            (sigmoid): Sigmoid()
          )
          (conv): Conv2d(256, 256, kernel_size=(1, 1), stride=(1, 1))
          (sigmoid): Sigmoid()
        )
        (gelu): GELU(approximate='none')
      )
    )
    (2): Sequential(
      (0): CFBlock(
        (mlp): Sequential(
          (0): SimpleGate()
          (1): Linear(in_features=128, out_features=512, bias=True)
        )
        (conv1): Conv2d(128, 256, kernel_size=(1, 1), stride=(1, 1))
        (conv2): Conv2d(256, 256, kernel_size=(3, 3), stride=(1, 1), padding=(1, 1), groups=256)
        (conv3): Conv2d(128, 128, kernel_size=(3, 3), stride=(1, 1), padding=(1, 1), groups=128)
        (dconv1): Sequential(
          (0): Conv2d(128, 128, kernel_size=(3, 3), stride=(1, 1), padding=(2, 2), dilation=(2, 2), groups=128)
          (1): GELU(approximate='none')
        )
        (dconv2): Sequential(
          (0): Conv2d(128, 128, kernel_size=(3, 3), stride=(1, 1), padding=(4, 4), dilation=(4, 4), groups=128)
          (1): GELU(approximate='none')
        )
        (dconv3): Sequential(
          (0): Conv2d(128, 128, kernel_size=(3, 3), stride=(1, 1), padding=(8, 8), dilation=(8, 8), groups=128)
          (1): GELU(approximate='none')
        )
        (sca): Sequential(
          (0): AdaptiveAvgPool2d(output_size=1)
          (1): Conv2d(128, 128, kernel_size=(1, 1), stride=(1, 1))
        )
        (sg): SimpleGate()
        (conv4): Conv2d(128, 256, kernel_size=(1, 1), stride=(1, 1))
        (conv5): Conv2d(128, 128, kernel_size=(1, 1), stride=(1, 1))
        (norm1): LayerNorm()
        (norm2): LayerNorm()
        (dropout1): Identity()
        (dropout2): Identity()
        (fusion): Fusion(
          (sa): SpatialAttention(
            (sa): Conv2d(2, 1, kernel_size=(7, 7), stride=(1, 1), padding=(3, 3), padding_mode=reflect)
          )
          (ca): ChannelAttention(
            (gap): AdaptiveAvgPool2d(output_size=1)
            (ca): Sequential(
              (0): Conv2d(128, 16, kernel_size=(1, 1), stride=(1, 1))
              (1): ReLU(inplace=True)
              (2): Conv2d(16, 128, kernel_size=(1, 1), stride=(1, 1))
            )
          )
          (pa): PA(
            (conv): Conv2d(128, 128, kernel_size=(1, 1), stride=(1, 1))
            (sigmoid): Sigmoid()
          )
          (conv): Conv2d(128, 128, kernel_size=(1, 1), stride=(1, 1))
          (sigmoid): Sigmoid()
        )
        (gelu): GELU(approximate='none')
      )
    )
    (3): Sequential(
      (0): CFBlock(
        (mlp): Sequential(
          (0): SimpleGate()
          (1): Linear(in_features=128, out_features=256, bias=True)
        )
        (conv1): Conv2d(64, 128, kernel_size=(1, 1), stride=(1, 1))
        (conv2): Conv2d(128, 128, kernel_size=(3, 3), stride=(1, 1), padding=(1, 1), groups=128)
        (conv3): Conv2d(64, 64, kernel_size=(3, 3), stride=(1, 1), padding=(1, 1), groups=64)
        (dconv1): Sequential(
          (0): Conv2d(64, 64, kernel_size=(3, 3), stride=(1, 1), padding=(2, 2), dilation=(2, 2), groups=64)
          (1): GELU(approximate='none')
        )
        (dconv2): Sequential(
          (0): Conv2d(64, 64, kernel_size=(3, 3), stride=(1, 1), padding=(4, 4), dilation=(4, 4), groups=64)
          (1): GELU(approximate='none')
        )
        (dconv3): Sequential(
          (0): Conv2d(64, 64, kernel_size=(3, 3), stride=(1, 1), padding=(8, 8), dilation=(8, 8), groups=64)
          (1): GELU(approximate='none')
        )
        (sca): Sequential(
          (0): AdaptiveAvgPool2d(output_size=1)
          (1): Conv2d(64, 64, kernel_size=(1, 1), stride=(1, 1))
        )
        (sg): SimpleGate()
        (conv4): Conv2d(64, 128, kernel_size=(1, 1), stride=(1, 1))
        (conv5): Conv2d(64, 64, kernel_size=(1, 1), stride=(1, 1))
        (norm1): LayerNorm()
        (norm2): LayerNorm()
        (dropout1): Identity()
        (dropout2): Identity()
        (fusion): Fusion(
          (sa): SpatialAttention(
            (sa): Conv2d(2, 1, kernel_size=(7, 7), stride=(1, 1), padding=(3, 3), padding_mode=reflect)
          )
          (ca): ChannelAttention(
            (gap): AdaptiveAvgPool2d(output_size=1)
            (ca): Sequential(
              (0): Conv2d(64, 8, kernel_size=(1, 1), stride=(1, 1))
              (1): ReLU(inplace=True)
              (2): Conv2d(8, 64, kernel_size=(1, 1), stride=(1, 1))
            )
          )
          (pa): PA(
            (conv): Conv2d(64, 64, kernel_size=(1, 1), stride=(1, 1))
            (sigmoid): Sigmoid()
          )
          (conv): Conv2d(64, 64, kernel_size=(1, 1), stride=(1, 1))
          (sigmoid): Sigmoid()
        )
        (gelu): GELU(approximate='none')
      )
    )
  )
  (middle_blks): Sequential(
    (0): CFBlock(
      (mlp): Sequential(
        (0): SimpleGate()
        (1): Linear(in_features=128, out_features=4096, bias=True)
      )
      (conv1): Conv2d(1024, 2048, kernel_size=(1, 1), stride=(1, 1))
      (conv2): Conv2d(2048, 2048, kernel_size=(3, 3), stride=(1, 1), padding=(1, 1), groups=2048)
      (conv3): Conv2d(1024, 1024, kernel_size=(3, 3), stride=(1, 1), padding=(1, 1), groups=1024)
      (dconv1): Sequential(
        (0): Conv2d(1024, 1024, kernel_size=(3, 3), stride=(1, 1), padding=(2, 2), dilation=(2, 2), groups=1024)
        (1): GELU(approximate='none')
      )
      (dconv2): Sequential(
        (0): Conv2d(1024, 1024, kernel_size=(3, 3), stride=(1, 1), padding=(4, 4), dilation=(4, 4), groups=1024)
        (1): GELU(approximate='none')
      )
      (dconv3): Sequential(
        (0): Conv2d(1024, 1024, kernel_size=(3, 3), stride=(1, 1), padding=(8, 8), dilation=(8, 8), groups=1024)
        (1): GELU(approximate='none')
      )
      (sca): Sequential(
        (0): AdaptiveAvgPool2d(output_size=1)
        (1): Conv2d(1024, 1024, kernel_size=(1, 1), stride=(1, 1))
      )
      (sg): SimpleGate()
      (conv4): Conv2d(1024, 2048, kernel_size=(1, 1), stride=(1, 1))
      (conv5): Conv2d(1024, 1024, kernel_size=(1, 1), stride=(1, 1))
      (norm1): LayerNorm()
      (norm2): LayerNorm()
      (dropout1): Identity()
      (dropout2): Identity()
      (fusion): Fusion(
        (sa): SpatialAttention(
          (sa): Conv2d(2, 1, kernel_size=(7, 7), stride=(1, 1), padding=(3, 3), padding_mode=reflect)
        )
        (ca): ChannelAttention(
          (gap): AdaptiveAvgPool2d(output_size=1)
          (ca): Sequential(
            (0): Conv2d(1024, 128, kernel_size=(1, 1), stride=(1, 1))
            (1): ReLU(inplace=True)
            (2): Conv2d(128, 1024, kernel_size=(1, 1), stride=(1, 1))
          )
        )
        (pa): PA(
          (conv): Conv2d(1024, 1024, kernel_size=(1, 1), stride=(1, 1))
          (sigmoid): Sigmoid()
        )
        (conv): Conv2d(1024, 1024, kernel_size=(1, 1), stride=(1, 1))
        (sigmoid): Sigmoid()
      )
      (gelu): GELU(approximate='none')
    )
  )
  (ups): ModuleList(
    (0): Sequential(
      (0): Conv2d(1024, 2048, kernel_size=(1, 1), stride=(1, 1), bias=False)
      (1): PixelShuffle(upscale_factor=2)
    )
    (1): Sequential(
      (0): Conv2d(512, 1024, kernel_size=(1, 1), stride=(1, 1), bias=False)
      (1): PixelShuffle(upscale_factor=2)
    )
    (2): Sequential(
      (0): Conv2d(256, 512, kernel_size=(1, 1), stride=(1, 1), bias=False)
      (1): PixelShuffle(upscale_factor=2)
    )
    (3): Sequential(
      (0): Conv2d(128, 256, kernel_size=(1, 1), stride=(1, 1), bias=False)
      (1): PixelShuffle(upscale_factor=2)
    )
  )
  (downs): ModuleList(
    (0): Conv2d(64, 128, kernel_size=(2, 2), stride=(2, 2))
    (1): Conv2d(128, 256, kernel_size=(2, 2), stride=(2, 2))
    (2): Conv2d(256, 512, kernel_size=(2, 2), stride=(2, 2))
    (3): Conv2d(512, 1024, kernel_size=(2, 2), stride=(2, 2))
  )
)
26-08-02 08:44:26.743 - INFO: Model [DenoisingModel] is created.
26-08-02 08:44:26.746 - INFO: Start training from epoch: 0, iter: 0
26-08-02 08:44:59.271 - INFO: <epoch:  1, iter:     100, lr:4.000e-05> loss: 2.2442e+01 
26-08-02 08:45:21.272 - INFO: <epoch:  3, iter:     200, lr:4.000e-05> loss: 2.0762e+01 
26-08-02 08:45:43.330 - INFO: <epoch:  5, iter:     300, lr:4.000e-05> loss: 2.9062e+01 
26-08-02 08:46:05.443 - INFO: <epoch:  7, iter:     400, lr:3.999e-05> loss: 1.2462e+01 
26-08-02 08:46:27.409 - INFO: <epoch:  9, iter:     500, lr:3.999e-05> loss: 7.0595e+00 
26-08-02 08:46:49.373 - INFO: <epoch: 11, iter:     600, lr:3.999e-05> loss: 8.1959e+00 
26-08-02 08:47:11.204 - INFO: <epoch: 13, iter:     700, lr:3.998e-05> loss: 3.8741e+00 
26-08-02 08:47:33.252 - INFO: <epoch: 15, iter:     800, lr:3.997e-05> loss: 3.1434e+00 
26-08-02 08:47:55.246 - INFO: <epoch: 17, iter:     900, lr:3.997e-05> loss: 4.7672e+00 
26-08-02 08:48:17.565 - INFO: <epoch: 19, iter:   1,000, lr:3.996e-05> loss: 4.4619e+00 
26-08-02 08:48:39.610 - INFO: <epoch: 21, iter:   1,100, lr:3.995e-05> loss: 3.5403e+00 
26-08-02 08:49:02.149 - INFO: <epoch: 23, iter:   1,200, lr:3.994e-05> loss: 2.6989e+00 
26-08-02 08:49:25.410 - INFO: <epoch: 25, iter:   1,300, lr:3.993e-05> loss: 2.6949e+00 
26-08-02 08:49:48.560 - INFO: <epoch: 27, iter:   1,400, lr:3.992e-05> loss: 3.1123e+00 
26-08-02 08:50:10.629 - INFO: <epoch: 29, iter:   1,500, lr:3.991e-05> loss: 3.1706e+00 
26-08-02 08:50:32.767 - INFO: <epoch: 31, iter:   1,600, lr:3.990e-05> loss: 4.3596e+00 
26-08-02 08:50:55.534 - INFO: <epoch: 33, iter:   1,700, lr:3.989e-05> loss: 2.7417e+00 
26-08-02 08:51:18.755 - INFO: <epoch: 35, iter:   1,800, lr:3.987e-05> loss: 1.4788e+00 
26-08-02 08:51:41.839 - INFO: <epoch: 37, iter:   1,900, lr:3.986e-05> loss: 2.1063e+00 
26-08-02 08:52:04.875 - INFO: <epoch: 39, iter:   2,000, lr:3.984e-05> loss: 2.4615e+00 
26-08-02 08:52:27.855 - INFO: <epoch: 41, iter:   2,100, lr:3.983e-05> loss: 3.0110e+00 
26-08-02 08:52:51.366 - INFO: <epoch: 43, iter:   2,200, lr:3.981e-05> loss: 1.4060e+00 
26-08-02 08:53:14.528 - INFO: <epoch: 45, iter:   2,300, lr:3.979e-05> loss: 1.9565e+00 
26-08-02 08:53:37.681 - INFO: <epoch: 47, iter:   2,400, lr:3.977e-05> loss: 1.3699e+00 
26-08-02 08:54:00.740 - INFO: <epoch: 49, iter:   2,500, lr:3.975e-05> loss: 2.4965e+00 
26-08-02 08:54:23.937 - INFO: <epoch: 51, iter:   2,600, lr:3.973e-05> loss: 2.8097e+00 
26-08-02 08:54:47.357 - INFO: <epoch: 53, iter:   2,700, lr:3.971e-05> loss: 2.8418e+00 
26-08-02 08:55:10.322 - INFO: <epoch: 55, iter:   2,800, lr:3.969e-05> loss: 1.9148e+00 
26-08-02 08:55:33.212 - INFO: <epoch: 57, iter:   2,900, lr:3.967e-05> loss: 1.9827e+00 
26-08-02 08:55:56.528 - INFO: <epoch: 59, iter:   3,000, lr:3.965e-05> loss: 1.8067e+00 
26-08-02 08:56:19.869 - INFO: <epoch: 61, iter:   3,100, lr:3.962e-05> loss: 1.9516e+00 
26-08-02 08:56:42.824 - INFO: <epoch: 63, iter:   3,200, lr:3.960e-05> loss: 2.5665e+00 
26-08-02 08:57:06.038 - INFO: <epoch: 65, iter:   3,300, lr:3.957e-05> loss: 2.3203e+00 
26-08-02 08:57:29.055 - INFO: <epoch: 67, iter:   3,400, lr:3.955e-05> loss: 1.7397e+00 
26-08-02 08:57:52.419 - INFO: <epoch: 69, iter:   3,500, lr:3.952e-05> loss: 2.4695e+00 
26-08-02 08:58:15.520 - INFO: <epoch: 71, iter:   3,600, lr:3.949e-05> loss: 1.8271e+00 
26-08-02 08:58:38.113 - INFO: <epoch: 73, iter:   3,700, lr:3.946e-05> loss: 1.6831e+00 
26-08-02 08:59:00.563 - INFO: <epoch: 75, iter:   3,800, lr:3.943e-05> loss: 1.8572e+00 
26-08-02 08:59:22.989 - INFO: <epoch: 77, iter:   3,900, lr:3.940e-05> loss: 1.6305e+00 
26-08-02 08:59:46.106 - INFO: <epoch: 79, iter:   4,000, lr:3.937e-05> loss: 1.5878e+00 
26-08-02 09:00:09.312 - INFO: <epoch: 81, iter:   4,100, lr:3.934e-05> loss: 2.6852e+00 
26-08-02 09:00:32.698 - INFO: <epoch: 83, iter:   4,200, lr:3.931e-05> loss: 1.6617e+00 
26-08-02 09:00:55.871 - INFO: <epoch: 85, iter:   4,300, lr:3.928e-05> loss: 1.6559e+00 
26-08-02 09:01:19.112 - INFO: <epoch: 87, iter:   4,400, lr:3.924e-05> loss: 2.4205e+00 
26-08-02 09:01:42.130 - INFO: <epoch: 89, iter:   4,500, lr:3.921e-05> loss: 2.4390e+00 
26-08-02 09:02:04.353 - INFO: <epoch: 91, iter:   4,600, lr:3.917e-05> loss: 1.6169e+00 
26-08-02 09:02:27.151 - INFO: <epoch: 93, iter:   4,700, lr:3.914e-05> loss: 2.0305e+00 
26-08-02 09:02:50.521 - INFO: <epoch: 95, iter:   4,800, lr:3.910e-05> loss: 1.8719e+00 
26-08-02 09:03:13.944 - INFO: <epoch: 97, iter:   4,900, lr:3.906e-05> loss: 2.3543e+00 
26-08-02 09:03:37.075 - INFO: <epoch: 99, iter:   5,000, lr:3.902e-05> loss: 2.0937e+00 
26-08-02 09:21:11.594 - INFO: # Validation # PSNR: 30.725232, Best PSNR: 30.725232| Iter: 5000
26-08-02 09:21:11.594 - INFO: Saving models and training states.
26-08-02 09:21:36.560 - INFO: <epoch:101, iter:   5,100, lr:3.898e-05> loss: 2.0158e+00 
26-08-02 09:21:59.714 - INFO: <epoch:103, iter:   5,200, lr:3.894e-05> loss: 2.9888e+00 
26-08-02 09:22:23.248 - INFO: <epoch:105, iter:   5,300, lr:3.890e-05> loss: 1.0896e+00 
26-08-02 09:22:46.478 - INFO: <epoch:107, iter:   5,400, lr:3.886e-05> loss: 1.7920e+00 
26-08-02 09:23:09.940 - INFO: <epoch:109, iter:   5,500, lr:3.882e-05> loss: 1.6548e+00 
26-08-02 09:23:33.159 - INFO: <epoch:111, iter:   5,600, lr:3.878e-05> loss: 1.0536e+00 
26-08-02 09:23:56.222 - INFO: <epoch:113, iter:   5,700, lr:3.873e-05> loss: 1.4788e+00 
26-08-02 09:24:19.326 - INFO: <epoch:115, iter:   5,800, lr:3.869e-05> loss: 1.1696e+00 
26-08-02 09:24:42.999 - INFO: <epoch:117, iter:   5,900, lr:3.864e-05> loss: 9.1645e-01 
26-08-02 09:25:06.275 - INFO: <epoch:119, iter:   6,000, lr:3.860e-05> loss: 9.4758e-01 
26-08-02 09:25:29.879 - INFO: <epoch:121, iter:   6,100, lr:3.855e-05> loss: 1.6841e+00 
26-08-02 09:25:53.554 - INFO: <epoch:123, iter:   6,200, lr:3.851e-05> loss: 1.6159e+00 
26-08-02 09:26:16.808 - INFO: <epoch:125, iter:   6,300, lr:3.846e-05> loss: 1.4885e+00 
26-08-02 09:26:40.162 - INFO: <epoch:127, iter:   6,400, lr:3.841e-05> loss: 1.3124e+00 
26-08-02 09:27:03.730 - INFO: <epoch:129, iter:   6,500, lr:3.836e-05> loss: 1.6967e+00 
26-08-02 09:27:27.137 - INFO: <epoch:131, iter:   6,600, lr:3.831e-05> loss: 1.1733e+00 
26-08-02 09:27:50.463 - INFO: <epoch:133, iter:   6,700, lr:3.826e-05> loss: 1.3737e+00 
26-08-02 09:28:13.948 - INFO: <epoch:135, iter:   6,800, lr:3.821e-05> loss: 1.4447e+00 
26-08-02 09:28:37.011 - INFO: <epoch:137, iter:   6,900, lr:3.815e-05> loss: 1.7151e+00 
26-08-02 09:29:00.265 - INFO: <epoch:139, iter:   7,000, lr:3.810e-05> loss: 1.5003e+00 
26-08-02 09:29:23.605 - INFO: <epoch:141, iter:   7,100, lr:3.805e-05> loss: 1.7562e+00 
26-08-02 09:29:47.264 - INFO: <epoch:143, iter:   7,200, lr:3.799e-05> loss: 2.8622e+00 
26-08-02 09:30:10.677 - INFO: <epoch:145, iter:   7,300, lr:3.794e-05> loss: 1.4223e+00 
26-08-02 09:30:33.731 - INFO: <epoch:147, iter:   7,400, lr:3.788e-05> loss: 9.8551e-01 
26-08-02 09:30:57.018 - INFO: <epoch:149, iter:   7,500, lr:3.783e-05> loss: 1.4691e+00 
26-08-02 09:31:20.479 - INFO: <epoch:151, iter:   7,600, lr:3.777e-05> loss: 2.0110e+00 
26-08-02 09:31:43.678 - INFO: <epoch:153, iter:   7,700, lr:3.771e-05> loss: 1.4691e+00 
26-08-02 09:32:06.939 - INFO: <epoch:155, iter:   7,800, lr:3.765e-05> loss: 9.3600e-01 
26-08-02 09:32:29.974 - INFO: <epoch:157, iter:   7,900, lr:3.759e-05> loss: 1.4953e+00 
26-08-02 09:32:53.322 - INFO: <epoch:159, iter:   8,000, lr:3.753e-05> loss: 1.5683e+00 
26-08-02 09:33:16.806 - INFO: <epoch:161, iter:   8,100, lr:3.747e-05> loss: 7.4716e-01 
26-08-02 09:33:39.875 - INFO: <epoch:163, iter:   8,200, lr:3.741e-05> loss: 1.2063e+00 
26-08-02 09:34:03.133 - INFO: <epoch:165, iter:   8,300, lr:3.735e-05> loss: 1.2112e+00 
26-08-02 09:34:26.143 - INFO: <epoch:167, iter:   8,400, lr:3.729e-05> loss: 1.9487e+00 
26-08-02 09:34:49.427 - INFO: <epoch:169, iter:   8,500, lr:3.722e-05> loss: 2.1919e+00 
26-08-02 09:35:12.704 - INFO: <epoch:171, iter:   8,600, lr:3.716e-05> loss: 1.6558e+00 
26-08-02 09:35:35.728 - INFO: <epoch:173, iter:   8,700, lr:3.709e-05> loss: 2.0031e+00 
26-08-02 09:35:58.930 - INFO: <epoch:175, iter:   8,800, lr:3.703e-05> loss: 2.2026e+00 
26-08-02 09:36:22.410 - INFO: <epoch:177, iter:   8,900, lr:3.696e-05> loss: 1.9468e+00 
26-08-02 09:36:45.667 - INFO: <epoch:179, iter:   9,000, lr:3.689e-05> loss: 1.4486e+00 
26-08-02 09:37:08.820 - INFO: <epoch:181, iter:   9,100, lr:3.683e-05> loss: 8.0965e-01 
26-08-02 09:37:32.156 - INFO: <epoch:183, iter:   9,200, lr:3.676e-05> loss: 1.7162e+00 
26-08-02 09:37:55.334 - INFO: <epoch:185, iter:   9,300, lr:3.669e-05> loss: 1.2804e+00 
26-08-02 09:38:18.860 - INFO: <epoch:187, iter:   9,400, lr:3.662e-05> loss: 1.2463e+00 
26-08-02 09:38:41.961 - INFO: <epoch:189, iter:   9,500, lr:3.655e-05> loss: 8.3961e-01 
26-08-02 09:39:05.112 - INFO: <epoch:191, iter:   9,600, lr:3.648e-05> loss: 1.9915e+00 
26-08-02 09:39:28.356 - INFO: <epoch:193, iter:   9,700, lr:3.641e-05> loss: 1.3873e+00 
26-08-02 09:39:51.780 - INFO: <epoch:195, iter:   9,800, lr:3.634e-05> loss: 1.9448e+00 
26-08-02 09:40:15.106 - INFO: <epoch:197, iter:   9,900, lr:3.626e-05> loss: 1.0468e+00 
26-08-02 09:40:38.172 - INFO: <epoch:199, iter:  10,000, lr:3.619e-05> loss: 1.5012e+00 
26-08-02 09:58:05.484 - INFO: # Validation # PSNR: 31.966727, Best PSNR: 31.966727| Iter: 10000
26-08-02 09:58:05.485 - INFO: Saving models and training states.
26-08-02 09:58:30.908 - INFO: <epoch:201, iter:  10,100, lr:3.612e-05> loss: 1.3601e+00 
26-08-02 09:58:54.201 - INFO: <epoch:203, iter:  10,200, lr:3.604e-05> loss: 1.5634e+00 
26-08-02 09:59:17.260 - INFO: <epoch:205, iter:  10,300, lr:3.597e-05> loss: 1.5206e+00 
26-08-02 09:59:40.431 - INFO: <epoch:207, iter:  10,400, lr:3.589e-05> loss: 1.6296e+00 
26-08-02 10:00:03.983 - INFO: <epoch:209, iter:  10,500, lr:3.581e-05> loss: 9.6994e-01 
26-08-02 10:00:27.089 - INFO: <epoch:211, iter:  10,600, lr:3.574e-05> loss: 2.5139e+00 
26-08-02 10:00:50.432 - INFO: <epoch:213, iter:  10,700, lr:3.566e-05> loss: 2.4438e+00 
26-08-02 10:01:13.590 - INFO: <epoch:215, iter:  10,800, lr:3.558e-05> loss: 1.5177e+00 
26-08-02 10:01:36.932 - INFO: <epoch:217, iter:  10,900, lr:3.550e-05> loss: 2.5664e+00 
26-08-02 10:02:00.423 - INFO: <epoch:219, iter:  11,000, lr:3.542e-05> loss: 9.1449e-01 
26-08-02 10:02:23.629 - INFO: <epoch:221, iter:  11,100, lr:3.534e-05> loss: 8.1818e-01 
26-08-02 10:02:47.244 - INFO: <epoch:223, iter:  11,200, lr:3.526e-05> loss: 1.2921e+00 
26-08-02 10:03:10.919 - INFO: <epoch:225, iter:  11,300, lr:3.518e-05> loss: 1.7804e+00 
26-08-02 10:03:34.356 - INFO: <epoch:227, iter:  11,400, lr:3.510e-05> loss: 6.1680e-01 
26-08-02 10:03:57.906 - INFO: <epoch:229, iter:  11,500, lr:3.501e-05> loss: 1.0478e+00 
26-08-02 10:04:21.463 - INFO: <epoch:231, iter:  11,600, lr:3.493e-05> loss: 8.4055e-01 
26-08-02 10:04:44.997 - INFO: <epoch:233, iter:  11,700, lr:3.485e-05> loss: 1.7385e+00 
26-08-02 10:05:08.476 - INFO: <epoch:235, iter:  11,800, lr:3.476e-05> loss: 1.9214e+00 
26-08-02 10:05:31.504 - INFO: <epoch:237, iter:  11,900, lr:3.468e-05> loss: 1.7696e+00 
26-08-02 10:05:54.829 - INFO: <epoch:239, iter:  12,000, lr:3.459e-05> loss: 7.6661e-01 
26-08-02 10:06:18.114 - INFO: <epoch:241, iter:  12,100, lr:3.451e-05> loss: 1.3105e+00 
26-08-02 10:06:41.735 - INFO: <epoch:243, iter:  12,200, lr:3.442e-05> loss: 1.2706e+00 
26-08-02 10:07:05.279 - INFO: <epoch:245, iter:  12,300, lr:3.433e-05> loss: 1.5119e+00 
26-08-02 10:07:28.709 - INFO: <epoch:247, iter:  12,400, lr:3.425e-05> loss: 1.1159e+00 
26-08-02 10:07:51.799 - INFO: <epoch:249, iter:  12,500, lr:3.416e-05> loss: 2.3214e+00 
26-08-02 10:08:15.630 - INFO: <epoch:251, iter:  12,600, lr:3.407e-05> loss: 1.0422e+00 
26-08-02 10:08:38.963 - INFO: <epoch:253, iter:  12,700, lr:3.398e-05> loss: 6.7031e-01 
26-08-02 10:09:02.223 - INFO: <epoch:255, iter:  12,800, lr:3.389e-05> loss: 8.1438e-01 
26-08-02 10:09:25.628 - INFO: <epoch:257, iter:  12,900, lr:3.380e-05> loss: 1.0945e+00 
26-08-02 10:09:48.898 - INFO: <epoch:259, iter:  13,000, lr:3.371e-05> loss: 8.2609e-01 
26-08-02 10:10:12.423 - INFO: <epoch:261, iter:  13,100, lr:3.362e-05> loss: 8.6779e-01 
26-08-02 10:10:35.707 - INFO: <epoch:263, iter:  13,200, lr:3.352e-05> loss: 1.7142e+00 
26-08-02 10:10:58.851 - INFO: <epoch:265, iter:  13,300, lr:3.343e-05> loss: 9.6998e-01 
26-08-02 10:11:22.196 - INFO: <epoch:267, iter:  13,400, lr:3.334e-05> loss: 1.5887e+00 
26-08-02 10:11:45.755 - INFO: <epoch:269, iter:  13,500, lr:3.324e-05> loss: 1.5332e+00 
26-08-02 10:12:08.957 - INFO: <epoch:271, iter:  13,600, lr:3.315e-05> loss: 1.3182e+00 
26-08-02 10:12:32.374 - INFO: <epoch:273, iter:  13,700, lr:3.305e-05> loss: 1.2774e+00 
26-08-02 10:12:55.742 - INFO: <epoch:275, iter:  13,800, lr:3.296e-05> loss: 7.5493e-01 
26-08-02 10:13:19.255 - INFO: <epoch:277, iter:  13,900, lr:3.286e-05> loss: 1.7512e+00 
26-08-02 10:13:42.624 - INFO: <epoch:279, iter:  14,000, lr:3.277e-05> loss: 1.0390e+00 
26-08-02 10:14:05.779 - INFO: <epoch:281, iter:  14,100, lr:3.267e-05> loss: 1.5828e+00 
26-08-02 10:14:29.075 - INFO: <epoch:283, iter:  14,200, lr:3.257e-05> loss: 1.6228e+00 
26-08-02 10:14:52.250 - INFO: <epoch:285, iter:  14,300, lr:3.247e-05> loss: 7.8122e-01 
26-08-02 10:15:15.613 - INFO: <epoch:287, iter:  14,400, lr:3.238e-05> loss: 1.0555e+00 
26-08-02 10:15:38.816 - INFO: <epoch:289, iter:  14,500, lr:3.228e-05> loss: 1.2336e+00 
26-08-02 10:16:01.778 - INFO: <epoch:291, iter:  14,600, lr:3.218e-05> loss: 1.1665e+00 
26-08-02 10:16:23.913 - INFO: <epoch:293, iter:  14,700, lr:3.208e-05> loss: 1.1042e+00 
26-08-02 10:16:47.293 - INFO: <epoch:295, iter:  14,800, lr:3.198e-05> loss: 1.0877e+00 
26-08-02 10:17:10.550 - INFO: <epoch:297, iter:  14,900, lr:3.188e-05> loss: 1.3513e+00 
26-08-02 10:17:34.046 - INFO: <epoch:299, iter:  15,000, lr:3.178e-05> loss: 1.2686e+00 
26-08-02 10:35:03.275 - INFO: # Validation # PSNR: 32.936218, Best PSNR: 32.936218| Iter: 15000
26-08-02 10:35:03.275 - INFO: Saving models and training states.
26-08-02 10:35:28.504 - INFO: <epoch:301, iter:  15,100, lr:3.167e-05> loss: 1.4837e+00 
26-08-02 10:35:51.593 - INFO: <epoch:303, iter:  15,200, lr:3.157e-05> loss: 7.4132e-01 
26-08-02 10:36:14.927 - INFO: <epoch:305, iter:  15,300, lr:3.147e-05> loss: 7.4326e-01 
26-08-02 10:36:38.295 - INFO: <epoch:307, iter:  15,400, lr:3.137e-05> loss: 2.8261e+00 
26-08-02 10:37:01.631 - INFO: <epoch:309, iter:  15,500, lr:3.126e-05> loss: 1.4020e+00 
26-08-02 10:37:25.386 - INFO: <epoch:311, iter:  15,600, lr:3.116e-05> loss: 1.2221e+00 
26-08-02 10:37:48.702 - INFO: <epoch:313, iter:  15,700, lr:3.106e-05> loss: 1.6930e+00 
26-08-02 10:38:12.083 - INFO: <epoch:315, iter:  15,800, lr:3.095e-05> loss: 7.8219e-01 
26-08-02 10:38:35.759 - INFO: <epoch:317, iter:  15,900, lr:3.085e-05> loss: 1.0478e+00 
26-08-02 10:38:59.044 - INFO: <epoch:319, iter:  16,000, lr:3.074e-05> loss: 6.8587e-01 
26-08-02 10:39:22.649 - INFO: <epoch:321, iter:  16,100, lr:3.063e-05> loss: 7.3261e-01 
26-08-02 10:39:46.166 - INFO: <epoch:323, iter:  16,200, lr:3.053e-05> loss: 7.8032e-01 
26-08-02 10:40:09.882 - INFO: <epoch:325, iter:  16,300, lr:3.042e-05> loss: 1.5653e+00 
26-08-02 10:40:33.424 - INFO: <epoch:327, iter:  16,400, lr:3.031e-05> loss: 9.5052e-01 
26-08-02 10:40:56.846 - INFO: <epoch:329, iter:  16,500, lr:3.021e-05> loss: 1.5644e+00 
26-08-02 10:41:20.294 - INFO: <epoch:331, iter:  16,600, lr:3.010e-05> loss: 7.5396e-01 
26-08-02 10:41:43.364 - INFO: <epoch:333, iter:  16,700, lr:2.999e-05> loss: 1.5704e+00 
26-08-02 10:42:06.674 - INFO: <epoch:335, iter:  16,800, lr:2.988e-05> loss: 9.4566e-01 
26-08-02 10:42:30.253 - INFO: <epoch:337, iter:  16,900, lr:2.977e-05> loss: 1.4019e+00 
26-08-02 10:42:53.667 - INFO: <epoch:339, iter:  17,000, lr:2.966e-05> loss: 1.0887e+00 
26-08-02 10:43:16.784 - INFO: <epoch:341, iter:  17,100, lr:2.955e-05> loss: 9.0965e-01 
26-08-02 10:43:40.275 - INFO: <epoch:343, iter:  17,200, lr:2.944e-05> loss: 1.3612e+00 
26-08-02 10:44:03.487 - INFO: <epoch:345, iter:  17,300, lr:2.933e-05> loss: 1.6257e+00 
26-08-02 10:44:26.716 - INFO: <epoch:347, iter:  17,400, lr:2.922e-05> loss: 6.7717e-01 
26-08-02 10:44:49.820 - INFO: <epoch:349, iter:  17,500, lr:2.911e-05> loss: 8.3083e-01 
26-08-02 10:45:12.925 - INFO: <epoch:351, iter:  17,600, lr:2.900e-05> loss: 9.1742e-01 
26-08-02 10:45:36.238 - INFO: <epoch:353, iter:  17,700, lr:2.888e-05> loss: 3.6190e-01 
26-08-02 10:45:59.661 - INFO: <epoch:355, iter:  17,800, lr:2.877e-05> loss: 1.1042e+00 
26-08-02 10:46:23.048 - INFO: <epoch:357, iter:  17,900, lr:2.866e-05> loss: 1.1052e+00 
26-08-02 10:46:46.410 - INFO: <epoch:359, iter:  18,000, lr:2.854e-05> loss: 8.2695e-01 
26-08-02 10:47:10.182 - INFO: <epoch:361, iter:  18,100, lr:2.843e-05> loss: 9.5541e-01 
26-08-02 10:47:33.704 - INFO: <epoch:363, iter:  18,200, lr:2.832e-05> loss: 1.8581e+00 
26-08-02 10:47:56.374 - INFO: <epoch:365, iter:  18,300, lr:2.820e-05> loss: 7.2384e-01 
26-08-02 10:48:18.607 - INFO: <epoch:367, iter:  18,400, lr:2.809e-05> loss: 1.3280e+00 
26-08-02 10:48:41.111 - INFO: <epoch:369, iter:  18,500, lr:2.797e-05> loss: 1.5060e+00 
26-08-02 10:49:03.297 - INFO: <epoch:371, iter:  18,600, lr:2.786e-05> loss: 4.5530e-01 
26-08-02 10:49:25.287 - INFO: <epoch:373, iter:  18,700, lr:2.774e-05> loss: 1.1140e+00 
26-08-02 10:49:47.555 - INFO: <epoch:375, iter:  18,800, lr:2.763e-05> loss: 1.3766e+00 
26-08-02 10:50:09.714 - INFO: <epoch:377, iter:  18,900, lr:2.751e-05> loss: 1.4000e+00 
26-08-02 10:50:32.133 - INFO: <epoch:379, iter:  19,000, lr:2.739e-05> loss: 1.9973e+00 
26-08-02 10:50:54.211 - INFO: <epoch:381, iter:  19,100, lr:2.728e-05> loss: 9.3404e-01 
26-08-02 10:51:16.309 - INFO: <epoch:383, iter:  19,200, lr:2.716e-05> loss: 1.2686e+00 
26-08-02 10:51:38.429 - INFO: <epoch:385, iter:  19,300, lr:2.704e-05> loss: 4.4362e-01 
26-08-02 10:52:00.813 - INFO: <epoch:387, iter:  19,400, lr:2.693e-05> loss: 4.0862e-01 
26-08-02 10:52:23.355 - INFO: <epoch:389, iter:  19,500, lr:2.681e-05> loss: 1.2181e+00 
26-08-02 10:52:45.586 - INFO: <epoch:391, iter:  19,600, lr:2.669e-05> loss: 1.3036e+00 
26-08-02 10:53:07.610 - INFO: <epoch:393, iter:  19,700, lr:2.657e-05> loss: 1.3261e+00 
26-08-02 10:53:29.701 - INFO: <epoch:395, iter:  19,800, lr:2.645e-05> loss: 1.6405e+00 
26-08-02 10:53:52.303 - INFO: <epoch:397, iter:  19,900, lr:2.633e-05> loss: 1.0167e+00 
26-08-02 10:54:14.402 - INFO: <epoch:399, iter:  20,000, lr:2.621e-05> loss: 9.3393e-01 
26-08-02 11:10:48.969 - INFO: # Validation # PSNR: 33.274536, Best PSNR: 33.274536| Iter: 20000
26-08-02 11:10:48.969 - INFO: Saving models and training states.
26-08-02 11:11:12.963 - INFO: <epoch:401, iter:  20,100, lr:2.610e-05> loss: 1.7833e+00 
26-08-02 11:11:34.886 - INFO: <epoch:403, iter:  20,200, lr:2.598e-05> loss: 8.4748e-01 
26-08-02 11:11:57.580 - INFO: <epoch:405, iter:  20,300, lr:2.586e-05> loss: 1.4262e+00 
26-08-02 11:12:19.832 - INFO: <epoch:407, iter:  20,400, lr:2.574e-05> loss: 1.9506e+00 
26-08-02 11:12:41.893 - INFO: <epoch:409, iter:  20,500, lr:2.562e-05> loss: 2.7658e+00 
26-08-02 11:13:03.995 - INFO: <epoch:411, iter:  20,600, lr:2.550e-05> loss: 1.2949e+00 
26-08-02 11:13:25.992 - INFO: <epoch:413, iter:  20,700, lr:2.537e-05> loss: 1.4447e+00 
26-08-02 11:13:48.197 - INFO: <epoch:415, iter:  20,800, lr:2.525e-05> loss: 8.8530e-01 
26-08-02 11:14:10.469 - INFO: <epoch:417, iter:  20,900, lr:2.513e-05> loss: 1.2337e+00 
26-08-02 11:14:32.463 - INFO: <epoch:419, iter:  21,000, lr:2.501e-05> loss: 9.0578e-01 
26-08-02 11:14:54.449 - INFO: <epoch:421, iter:  21,100, lr:2.489e-05> loss: 1.1246e+00 
26-08-02 11:15:16.623 - INFO: <epoch:423, iter:  21,200, lr:2.477e-05> loss: 6.6157e-01 
26-08-02 11:15:38.878 - INFO: <epoch:425, iter:  21,300, lr:2.465e-05> loss: 1.5352e+00 
26-08-02 11:16:00.882 - INFO: <epoch:427, iter:  21,400, lr:2.452e-05> loss: 1.0653e+00 
26-08-02 11:16:23.047 - INFO: <epoch:429, iter:  21,500, lr:2.440e-05> loss: 4.9619e-01 
26-08-02 11:16:45.124 - INFO: <epoch:431, iter:  21,600, lr:2.428e-05> loss: 1.1470e+00 
26-08-02 11:17:07.439 - INFO: <epoch:433, iter:  21,700, lr:2.416e-05> loss: 1.0098e+00 
26-08-02 11:17:29.642 - INFO: <epoch:435, iter:  21,800, lr:2.403e-05> loss: 1.3153e+00 
26-08-02 11:17:51.605 - INFO: <epoch:437, iter:  21,900, lr:2.391e-05> loss: 9.5353e-01 
26-08-02 11:18:13.650 - INFO: <epoch:439, iter:  22,000, lr:2.379e-05> loss: 2.0266e+00 
26-08-02 11:18:35.700 - INFO: <epoch:441, iter:  22,100, lr:2.367e-05> loss: 1.8057e+00 
26-08-02 11:18:58.017 - INFO: <epoch:443, iter:  22,200, lr:2.354e-05> loss: 1.4175e+00 
26-08-02 11:19:20.247 - INFO: <epoch:445, iter:  22,300, lr:2.342e-05> loss: 1.0225e+00 
26-08-02 11:19:42.287 - INFO: <epoch:447, iter:  22,400, lr:2.329e-05> loss: 9.3696e-01 
26-08-02 11:20:04.246 - INFO: <epoch:449, iter:  22,500, lr:2.317e-05> loss: 1.3211e+00 
26-08-02 11:20:26.379 - INFO: <epoch:451, iter:  22,600, lr:2.305e-05> loss: 7.5311e-01 
26-08-02 11:20:48.410 - INFO: <epoch:453, iter:  22,700, lr:2.292e-05> loss: 1.1626e+00 
26-08-02 11:21:10.492 - INFO: <epoch:455, iter:  22,800, lr:2.280e-05> loss: 1.3368e+00 
26-08-02 11:21:32.395 - INFO: <epoch:457, iter:  22,900, lr:2.267e-05> loss: 1.3416e+00 
26-08-02 11:21:54.356 - INFO: <epoch:459, iter:  23,000, lr:2.255e-05> loss: 7.5592e-01 
26-08-02 11:22:16.650 - INFO: <epoch:461, iter:  23,100, lr:2.243e-05> loss: 6.5872e-01 
26-08-02 11:22:38.621 - INFO: <epoch:463, iter:  23,200, lr:2.230e-05> loss: 1.2628e+00 
26-08-02 11:23:00.812 - INFO: <epoch:465, iter:  23,300, lr:2.218e-05> loss: 8.3666e-01 
26-08-02 11:23:22.887 - INFO: <epoch:467, iter:  23,400, lr:2.205e-05> loss: 1.2638e+00 
26-08-02 11:23:45.172 - INFO: <epoch:469, iter:  23,500, lr:2.193e-05> loss: 4.5432e-01 
26-08-02 11:24:07.442 - INFO: <epoch:471, iter:  23,600, lr:2.180e-05> loss: 8.9892e-01 
26-08-02 11:24:29.492 - INFO: <epoch:473, iter:  23,700, lr:2.168e-05> loss: 9.1361e-01 
26-08-02 11:24:52.449 - INFO: <epoch:475, iter:  23,800, lr:2.155e-05> loss: 1.4944e+00 
26-08-02 11:25:14.699 - INFO: <epoch:477, iter:  23,900, lr:2.143e-05> loss: 5.6816e-01 
26-08-02 11:25:37.043 - INFO: <epoch:479, iter:  24,000, lr:2.130e-05> loss: 9.8943e-01 
26-08-02 11:25:59.093 - INFO: <epoch:481, iter:  24,100, lr:2.118e-05> loss: 1.1937e+00 
26-08-02 11:26:21.221 - INFO: <epoch:483, iter:  24,200, lr:2.105e-05> loss: 9.1450e-01 
26-08-02 11:26:43.245 - INFO: <epoch:485, iter:  24,300, lr:2.093e-05> loss: 1.3455e+00 
26-08-02 11:27:05.383 - INFO: <epoch:487, iter:  24,400, lr:2.080e-05> loss: 2.2318e+00 
26-08-02 11:27:27.496 - INFO: <epoch:489, iter:  24,500, lr:2.068e-05> loss: 5.9740e-01 
26-08-02 11:27:49.665 - INFO: <epoch:491, iter:  24,600, lr:2.055e-05> loss: 5.8372e-01 
26-08-02 11:28:11.821 - INFO: <epoch:493, iter:  24,700, lr:2.043e-05> loss: 1.3290e+00 
26-08-02 11:28:33.850 - INFO: <epoch:495, iter:  24,800, lr:2.030e-05> loss: 8.2500e-01 
26-08-02 11:28:56.197 - INFO: <epoch:497, iter:  24,900, lr:2.018e-05> loss: 1.1071e+00 
26-08-02 11:29:18.425 - INFO: <epoch:499, iter:  25,000, lr:2.005e-05> loss: 1.3873e+00 
26-08-02 11:45:57.792 - INFO: # Validation # PSNR: 33.435210, Best PSNR: 33.435210| Iter: 25000
26-08-02 11:45:57.793 - INFO: Saving models and training states.
26-08-02 11:46:21.726 - INFO: <epoch:501, iter:  25,100, lr:1.992e-05> loss: 1.4691e+00 
26-08-02 11:46:43.905 - INFO: <epoch:503, iter:  25,200, lr:1.980e-05> loss: 1.2025e+00 
26-08-02 11:47:06.020 - INFO: <epoch:505, iter:  25,300, lr:1.967e-05> loss: 3.4828e-01 
26-08-02 11:47:28.249 - INFO: <epoch:507, iter:  25,400, lr:1.955e-05> loss: 9.8065e-01 
